trial,seconds,ms,parse_ok,wire_cmd,prompt_tokens,output_tokens,total_ms_ollama,load_ms_ollama,prompt_eval_ms_ollama,eval_ms_ollama,error
1,0.5786705000009533,578.6705000009533,1,SET 1,202,7,575.7448,206.4083,50.9806,306.1378,
2,0.5887001000010059,588.7001000010059,1,SET 1,202,7,586.4363,225.4321,49.3625,294.5329,
3,0.563249500000893,563.249500000893,1,SET 1,202,7,561.0302,190.7939,51.851,307.3957,
4,0.6021145999984583,602.1145999984583,1,SET 1,202,7,599.1088,235.8477,49.7014,301.3655,
5,0.5496093000001565,549.6093000001565,1,SET 1,202,7,546.0405,181.7922,51.9728,302.2824,
6,0.583258399999977,583.258399999977,1,SET 1,202,7,580.8018,210.077,53.4531,310.9571,
7,0.58181759999934,581.81759999934,1,SET 1,202,7,579.6022,216.7659,51.5123,302.6875,
8,0.5583590999995067,558.3590999995067,1,SET 1,202,7,555.2055,189.0093,52.1124,305.1248,
9,0.5827341999993223,582.7341999993223,1,SET 1,202,7,579.6368,208.958,51.068,309.2691,
10,0.6457884000010381,645.7884000010381,1,SET 1,202,7,642.381,264.0447,52.2607,307.2215,
11,0.5930621000006795,593.0621000006795,1,SET 1,202,7,590.1866,229.998,45.6826,300.6002,
12,0.5542714000002888,554.2714000002888,1,SET 1,202,7,550.7993,179.4825,50.9006,310.2917,
13,0.5859619999991992,585.9619999991992,1,SET 1,202,7,583.5327,214.1557,50.1955,311.8342,
14,0.5997138000002451,599.7138000002451,1,SET 1,202,7,597.6027,233.6287,49.5318,302.5071,
15,0.5978195999996387,597.8195999996387,1,SET 1,202,7,595.3244,218.9753,51.9264,316.8676,
16,0.6231803999999102,623.1803999999102,1,SET 1,202,7,619.7682,253.4681,52.7637,306.2724,
17,0.6046162000002369,604.6162000002369,1,SET 1,202,7,602.0221,231.344,51.621,310.9114,
18,0.5751927999990585,575.1927999990585,1,SET 1,202,7,572.1763,210.8713,51.2803,301.604,
19,0.5689848000001803,568.9848000001803,1,SET 1,202,7,566.8644,197.7581,48.0056,307.3801,
20,0.5810292999994999,581.0292999994999,1,SET 1,202,7,577.6567,204.019,51.0654,312.6365,
21,0.5827356000008876,582.7356000008876,1,SET 1,202,7,579.6774,209.75,52.4063,305.8363,
22,0.5857794000003196,585.7794000003196,1,SET 1,202,7,584.4234,227.4709,51.9106,291.1578,
23,0.5863286000003427,586.3286000003427,1,SET 1,202,7,583.0289,217.86,53.0811,305.8982,
24,0.5715172000000166,571.5172000000166,1,SET 1,202,7,567.5654,199.6516,52.361,310.6266,
25,0.5557035000001633,555.7035000001633,1,SET 1,202,7,553.2904,186.8593,51.0092,305.4092,
26,0.5423967999995511,542.3967999995511,1,SET 1,202,7,540.9771,178.2651,50.7947,303.4294,
27,0.5819129999999859,581.9129999999859,1,SET 1,202,7,579.5083,209.3588,51.3605,305.2273,
28,0.5538288999996439,553.8288999996439,1,SET 1,202,7,552.4221,190.8481,51.1447,302.499,
29,0.5755651999988913,575.5651999988913,1,SET 1,202,7,572.4859,206.5345,52.3838,306.0021,
30,0.5829429999994318,582.9429999994318,1,SET 1,202,7,580.2401,208.0098,51.6871,309.8438,
31,0.5427553999998054,542.7553999998054,1,SET 1,202,7,539.8449,175.3438,50.8726,300.9078,
32,0.5797918999996909,579.7918999996909,1,SET 1,202,7,577.4086,206.5899,51.1634,310.022,
33,0.5399794000004476,539.9794000004476,1,SET 1,202,7,536.7289,175.7053,51.735,297.4965,
34,0.5330544000007649,533.0544000007649,1,SET 1,202,7,529.3407,162.4912,52.9946,309.8087,
35,0.5602638000000297,560.2638000000297,1,SET 1,202,7,558.2108,191.023,51.7547,302.6143,
36,0.5674971999997069,567.4971999997069,1,SET 1,202,7,563.974,195.5647,49.489,309.1176,
37,0.5554535999999644,555.4535999999644,1,SET 1,202,7,552.092,184.8961,51.9205,300.8946,
38,0.5328647000005731,532.8647000005731,1,SET 1,202,7,529.7999,171.6372,50.7018,296.0825,
39,0.5793099000002258,579.3099000002258,1,SET 1,202,7,576.4423,213.0952,49.9173,302.5301,
40,0.6039364000007481,603.9364000007481,1,SET 1,202,7,600.5659,233.192,51.6666,295.3691,
41,0.5669721000012942,566.9721000012942,1,SET 1,202,7,563.4615,194.8826,51.7442,310.6259,
42,0.575650199998563,575.650199998563,1,SET 1,202,7,572.2012,208.2821,50.0553,305.7867,
43,0.5588625999989745,558.8625999989745,1,SET 1,202,7,557.4449,191.3746,52.7354,308.5738,
44,0.5731500000001688,573.1500000001688,1,SET 1,202,7,571.1238,196.1358,51.9864,311.0677,
45,0.5512225000002218,551.2225000002218,1,SET 1,202,7,548.6654,186.1869,49.8478,303.1634,
46,0.5664266999992833,566.4266999992833,1,SET 1,202,7,563.0446,197.2242,49.6866,305.4247,
47,0.595273000000816,595.273000000816,1,SET 1,202,7,592.3095,229.1519,49.4738,301.274,
48,0.5614662000007229,561.4662000007229,1,SET 1,202,7,557.7058,198.2235,51.0845,298.2864,
49,0.5793563000006543,579.3563000006543,1,SET 1,202,7,575.9945,210.0107,48.7319,301.5168,
50,0.5626247000000149,562.6247000000149,1,SET 1,202,7,559.8818,184.2997,50.3489,311.1415,
51,0.5588804999988497,558.8804999988497,1,SET 1,202,7,557.1322,196.2916,48.7335,300.0198,
52,0.5790025000005699,579.0025000005699,1,SET 1,202,7,576.1776,211.0381,51.4569,302.3445,
53,0.5777952999997069,577.7952999997069,1,SET 1,202,7,575.7006,200.7669,50.1172,313.3012,
54,0.5695646999993187,569.5646999993187,1,SET 1,202,7,566.7831,201.086,53.4142,302.6571,
55,0.5820552000004682,582.0552000004682,1,SET 1,202,7,579.5555,206.0394,49.8916,311.927,
56,0.5449749999988853,544.9749999988853,1,SET 1,202,7,541.718,177.4956,51.6527,307.2831,
57,0.5704857999990054,570.4857999990054,1,SET 1,202,7,567.8244,198.6029,50.4603,308.5018,
58,0.5423412000000098,542.3412000000098,1,SET 1,202,7,539.9714,176.1489,52.9481,294.3693,
59,0.5438154000003124,543.8154000003124,1,SET 1,202,7,541.053,171.6173,51.2236,307.8818,
60,0.5448846999988746,544.8846999988746,1,SET 1,202,7,543.353,181.9697,50.3793,304.7602,
61,0.5495583000010811,549.5583000010811,1,SET 1,202,7,546.849,175.9682,48.2835,313.2397,
62,0.5707741999995051,570.7741999995051,1,SET 1,202,7,567.3406,205.1741,52.0216,301.1859,
63,0.604245999998966,604.245999998966,1,SET 1,202,7,600.6206,236.6891,49.5377,305.0527,
64,0.5917700000009063,591.7700000009063,1,SET 1,202,7,589.1806,224.9625,54.2936,301.5015,
65,0.5591598000009981,559.1598000009981,1,SET 1,202,7,557.2168,188.9598,51.0912,309.6965,
66,0.5254041999996844,525.4041999996844,1,SET 1,202,7,523.0968,163.1837,50.6902,301.8833,
67,0.5249600000006467,524.9600000006467,1,SET 1,202,7,522.5298,153.7678,52.1097,309.6576,
68,0.5545154999999795,554.5154999999795,1,SET 1,202,7,551.1916,177.3156,51.1541,310.0818,
69,0.5688841999999568,568.8841999999568,1,SET 1,202,7,566.7875,193.1891,53.867,314.3166,
70,0.5680621999999858,568.0621999999858,1,SET 1,202,7,565.2682,193.7024,52.7082,311.5433,
71,0.5643170999992435,564.3170999992435,1,SET 1,202,7,561.9738,195.3446,49.7486,305.3929,
72,0.5645286999988457,564.5286999988457,1,SET 1,202,7,561.0501,176.0318,57.1898,310.4899,
73,0.6136935000013182,613.6935000013182,1,SET 1,202,7,610.4324,243.721,50.9633,303.331,
74,0.6189463999999134,618.9463999999134,1,SET 1,202,7,614.6779,252.2063,50.3751,296.4619,
75,0.6192153000010876,619.2153000010876,1,SET 1,202,7,615.5358,201.832,55.3155,347.2031,
76,0.6245572999996511,624.5572999996511,1,SET 1,202,7,619.4127,245.1291,56.049,308.2153,
77,0.611004899999898,611.004899999898,1,SET 1,202,7,608.0217,237.2545,57.5418,305.8685,
78,0.6654832000003807,665.4832000003807,1,SET 1,202,7,660.7082,243.3634,50.0532,356.4499,
79,0.6728035999985877,672.8035999985877,1,SET 1,202,7,668.9103,239.6209,65.811,356.1886,
80,0.6958379999996396,695.8379999996396,1,SET 1,202,7,692.7266,248.6505,67.753,366.5261,
81,0.5614588000007643,561.4588000007643,1,SET 1,202,7,558.2031,192.7404,49.2579,309.1738,
82,0.6186803000000509,618.6803000000509,1,SET 1,202,7,614.5758,250.5538,46.8801,304.1816,
83,0.602252500000759,602.252500000759,1,SET 1,202,7,598.3645,223.9811,52.0182,310.0156,
84,0.6317359000004217,631.7359000004217,1,SET 1,202,7,627.4463,259.1579,51.8592,305.2758,
85,0.6110953000006702,611.0953000006702,1,SET 1,202,7,608.3999,247.5089,51.3055,298.8819,
86,0.593015700000251,593.015700000251,1,SET 1,202,7,591.0639,233.6365,46.6215,297.5129,
87,0.6209290999995574,620.9290999995574,1,SET 1,202,7,617.496,251.2573,50.9694,301.389,
88,0.617255600000135,617.255600000135,1,SET 1,202,7,613.5201,249.5863,52.9969,299.9889,
89,0.6181649999998626,618.1649999998626,1,SET 1,202,7,615.8726,259.6323,48.971,294.9537,
90,0.5953026000006503,595.3026000006503,1,SET 1,202,7,591.5247,228.5718,52.3612,299.6113,
91,0.6013238999985333,601.3238999985333,1,SET 1,202,7,596.5827,233.4805,50.1567,295.5037,
92,0.617582400000174,617.582400000174,1,SET 1,202,7,614.5623,244.8881,47.4522,306.1855,
93,0.6082042999987607,608.2042999987607,1,SET 1,202,7,605.371,246.1009,48.3082,298.7053,
94,0.625286700000288,625.286700000288,1,SET 1,202,7,621.6439,258.5547,47.3551,303.433,
95,0.6176986999998917,617.6986999998917,1,SET 1,202,7,613.5347,252.9817,49.6533,292.8608,
96,0.5959869999987859,595.9869999987859,1,SET 1,202,7,592.3595,239.7255,51.5268,292.5027,
97,0.6789236000004166,678.9236000004166,1,SET 1,202,7,673.6549,251.1792,52.0663,358.7891,
98,0.7051585999997769,705.1585999997769,1,SET 1,202,7,700.1846,258.9727,60.4319,369.5696,
99,0.6573880999985704,657.3880999985704,1,SET 1,202,7,652.7507,241.4573,60.1241,342.503,
100,0.622593500000221,622.593500000221,1,SET 1,202,7,619.5364,250.061,49.3246,305.371,
101,0.6124353000013798,612.4353000013798,1,SET 1,202,7,608.4882,249.3557,49.3098,288.8515,
102,0.6099026000010781,609.9026000010781,1,SET 1,202,7,605.0516,243.2694,48.8821,298.0823,
103,0.6497361000001547,649.7361000001547,1,SET 1,202,7,645.7245,238.8471,52.7267,342.3771,
104,0.6460108999999647,646.0108999999647,1,SET 1,202,7,642.1785,255.9864,52.3063,326.3784,
105,0.6011723999999958,601.1723999999958,1,SET 1,202,7,598.511,228.7168,50.2432,304.4992,
106,0.6263369000007515,626.3369000007515,1,SET 1,202,7,623.5261,242.7064,51.8595,315.5991,
107,0.6199417999996513,619.9417999996513,1,SET 1,202,7,615.7011,255.7863,50.2888,296.4643,
108,0.6313969999991969,631.3969999991969,1,SET 1,202,7,627.4469,266.3893,50.068,301.2005,
109,0.6276548000005278,627.6548000005278,1,SET 1,202,7,624.3503,262.4479,48.4363,298.2588,
110,0.6318074999999226,631.8074999999226,1,SET 1,202,7,628.2873,259.5981,52.7021,302.1161,
111,0.6384257000008802,638.4257000008802,1,SET 1,202,7,634.637,271.2015,52.3301,302.4623,
112,0.6223697999994329,622.3697999994329,1,SET 1,202,7,619.4173,256.4507,48.5315,294.4722,
113,0.638217399999121,638.217399999121,1,SET 1,202,7,633.9621,269.5531,52.6859,299.8514,
114,0.6349859000001743,634.9859000001743,1,SET 1,202,7,632.3033,267.1727,52.7422,291.37,
115,0.5855117999999493,585.5117999999493,1,SET 1,202,7,581.6425,215.7502,51.8293,303.8441,
116,0.6372671999997692,637.2671999997692,1,SET 1,202,7,634.2626,273.8417,52.2701,292.3968,
117,0.6339783000003081,633.9783000003081,1,SET 1,202,7,629.2255,267.6524,48.8218,298.9217,
118,0.6270772999996552,627.0772999996552,1,SET 1,202,7,624.1428,266.3264,51.5215,291.5807,
119,0.6242917999989004,624.2917999989004,1,SET 1,202,7,621.5731,258.1832,54.3829,296.7453,
120,0.587555699999939,587.555699999939,1,SET 1,202,7,584.8887,230.3377,48.3314,294.6473,
121,0.5993584999996528,599.3584999996528,1,SET 1,202,7,594.8438,237.0938,48.7549,299.7827,
122,0.6127446999998938,612.7446999998938,1,SET 1,202,7,608.1709,249.7078,49.4322,295.2912,
123,0.6311492000004364,631.1492000004364,1,SET 1,202,7,628.453,272.8383,47.2087,300.688,
124,0.628644999998869,628.644999998869,1,SET 1,202,7,624.2901,266.2611,49.4011,290.0871,
125,0.6129796000004717,612.9796000004717,1,SET 1,202,7,610.5236,245.0817,48.6363,301.0088,
126,0.6220938000005845,622.0938000005845,1,SET 1,202,7,617.7042,260.6301,50.8789,297.8191,
127,0.6279346999999689,627.9346999999689,1,SET 1,202,7,623.8949,264.8687,50.4527,294.8164,
128,0.6109354000000167,610.9354000000167,1,SET 1,202,7,606.2196,245.9143,50.0625,295.7245,
129,0.6132043000015983,613.2043000015983,1,SET 1,202,7,608.6695,252.5999,52.1523,295.1207,
130,0.6198841999994329,619.8841999994329,1,SET 1,202,7,616.2827,254.5582,50.3573,293.608,
131,0.6321437000005972,632.1437000005972,1,SET 1,202,7,629.1903,266.0269,51.2671,300.8911,
132,0.6384904999995342,638.4904999995342,1,SET 1,202,7,635.1412,274.1547,52.8221,295.9426,
133,0.6231436999987636,623.1436999987636,1,SET 1,202,7,619.9188,249.7652,48.0685,309.233,
134,0.637371599999824,637.371599999824,1,SET 1,202,7,632.8565,272.474,49.9288,302.8885,
135,0.6303952999987814,630.3952999987814,1,SET 1,202,7,625.8156,262.8821,51.2051,291.4988,
136,0.6200837000014872,620.0837000014872,1,SET 1,202,7,616.5747,256.1163,48.6814,302.0909,
137,0.6481188999987353,648.1188999987353,1,SET 1,202,7,645.271,279.6251,53.1412,298.7612,
138,0.621532400000433,621.532400000433,1,SET 1,202,7,618.2988,264.2847,49.2086,286.2002,
139,0.6168039999993198,616.8039999993198,1,SET 1,202,7,612.6136,259.3985,46.2972,292.4502,
140,0.6416430999997829,641.6430999997829,1,SET 1,202,7,638.7715,280.9058,50.7186,294.7526,
141,0.6151121000002604,615.1121000002604,1,SET 1,202,7,611.6511,254.426,49.3848,291.325,
142,0.6213542000004963,621.3542000004963,1,SET 1,202,7,617.6647,259.7998,50.8623,296.4082,
143,0.6227582000010443,622.7582000010443,1,SET 1,202,7,619.8596,261.1597,50.6442,294.4812,
144,0.6114956000001257,611.4956000001257,1,SET 1,202,7,606.6422,249.9387,52.0708,297.5616,
145,0.6289359999991575,628.9359999991575,1,SET 1,202,7,625.6466,266.4676,51.2107,294.0741,
146,0.629409699999087,629.409699999087,1,SET 1,202,7,624.8529,269.4554,48.6076,295.7035,
147,0.6082550999999512,608.2550999999512,1,SET 1,202,7,604.1447,246.2846,48.5122,294.99,
148,0.6196295999998256,619.6295999998256,1,SET 1,202,7,615.8902,258.8147,50.3104,294.6497,
149,0.6006839000001492,600.6839000001492,1,SET 1,202,7,597.3296,240.5834,48.8167,297.8366,
150,0.6359413000009226,635.9413000009226,1,SET 1,202,7,632.7717,269.2044,49.3795,294.258,
151,0.619575700000496,619.575700000496,1,SET 1,202,7,615.7484,251.676,49.8096,303.0568,
152,0.5945497000011528,594.5497000011528,1,SET 1,202,7,590.4963,227.2081,51.6475,293.9635,
153,0.6138277999998536,613.8277999998536,1,SET 1,202,7,611.9754,254.0916,49.2521,289.0112,
154,0.6127833999998984,612.7833999998984,1,SET 1,202,7,609.7288,250.6262,53.2238,291.1397,
155,0.6333893999999418,633.3893999999418,1,SET 1,202,7,629.9176,274.1899,49.1137,294.4197,
156,0.6558447999996133,655.8447999996133,1,SET 1,202,7,652.7107,281.674,51.315,308.3681,
157,0.6273772000004101,627.3772000004101,1,SET 1,202,7,622.8892,266.3945,48.1758,294.5805,
158,0.6425706999998511,642.5706999998511,1,SET 1,202,7,639.1956,274.943,49.4397,296.6332,
159,0.6290868000014598,629.0868000014598,1,SET 1,202,7,625.4962,269.385,50.4935,293.8947,
160,0.6330079999988811,633.0079999988811,1,SET 1,202,7,629.4321,266.8376,50.9842,296.2051,
161,0.6362098999998125,636.2098999998125,1,SET 1,202,7,632.8862,275.7395,50.141,289.3125,
162,0.6170954000008351,617.0954000008351,1,SET 1,202,7,612.3694,254.6042,49.7932,291.9101,
163,0.6226661000000604,622.6661000000604,1,SET 1,202,7,618.9957,258.2072,50.8615,299.3047,
164,0.6379983000006177,637.9983000006177,1,SET 1,202,7,634.6944,276.822,51.6591,299.0542,
165,0.5988978999994288,598.8978999994288,1,SET 1,202,7,595.9318,238.0318,49.205,291.4131,
166,0.6226404000008188,622.6404000008188,1,SET 1,202,7,619.8255,259.5171,47.9331,296.1999,
167,0.6383216000012908,638.3216000012908,1,SET 1,202,7,633.5515,273.2636,49.3745,293.2642,
168,0.6343058999991626,634.3058999991626,1,SET 1,202,7,629.9103,268.9221,51.2107,291.6852,
169,0.6279682000003959,627.9682000003959,1,SET 1,202,7,623.8812,261.599,48.8079,298.6922,
170,0.6212362999995094,621.2362999995094,1,SET 1,202,7,617.2141,254.1551,51.4671,298.2664,
171,0.644296000000395,644.296000000395,1,SET 1,202,7,639.9919,277.0286,49.1962,301.1523,
172,0.62118510000073,621.18510000073,1,SET 1,202,7,617.928,263.363,49.6074,293.0606,
173,0.6170901999994385,617.0901999994385,1,SET 1,202,7,613.0408,254.2986,51.0451,297.381,
174,0.6230653000002349,623.0653000002349,1,SET 1,202,7,619.8039,257.8869,50.2241,299.2717,
175,0.6217327000013029,621.7327000013029,1,SET 1,202,7,617.1839,257.0077,51.8663,291.672,
176,0.625588400000197,625.588400000197,1,SET 1,202,7,622.6362,264.7644,49.1622,291.5928,
177,0.6403562000014063,640.3562000014063,1,SET 1,202,7,637.4605,272.5587,48.5185,305.9067,
178,0.6092427000003227,609.2427000003227,1,SET 1,202,7,606.4399,246.1104,51.4152,297.1032,
179,0.6341100999998162,634.1100999998162,1,SET 1,202,7,631.2474,271.2553,51.869,300.4269,
180,0.6314882999995461,631.4882999995461,1,SET 1,202,7,627.6328,270.3852,50.3241,294.7339,
181,0.6029364999994868,602.9364999994868,1,SET 1,202,7,599.1626,243.1984,48.2419,299.238,
182,0.6420389000013529,642.0389000013529,1,SET 1,202,7,639.2096,275.5137,51.6584,297.9697,
183,0.6220670000002428,622.0670000002428,1,SET 1,202,7,619.1349,258.0463,51.9003,297.0145,
184,0.6319070000008651,631.9070000008651,1,SET 1,202,7,628.7596,275.7278,49.7454,288.2021,
185,0.6269615000001068,626.9615000001068,1,SET 1,202,7,623.8071,267.3953,49.4657,298.8355,
186,0.6065111999996589,606.5111999996589,1,SET 1,202,7,601.9113,243.6219,48.6283,292.648,
187,0.6229669999993348,622.9669999993348,1,SET 1,202,7,619.7323,262.7585,48.8108,291.1611,
188,0.6096250000009604,609.6250000009604,1,SET 1,202,7,605.1058,251.1057,48.7306,294.5709,
189,0.6214792000009766,621.4792000009766,1,SET 1,202,7,618.4399,265.5862,49.3854,293.0659,
190,0.6335497000000032,633.5497000000032,1,SET 1,202,7,629.4495,271.2411,49.3467,298.6529,
191,0.6115205000005517,611.5205000005517,1,SET 1,202,7,607.461,254.9277,49.5695,293.9458,
192,0.6169319999989966,616.9319999989966,1,SET 1,202,7,614.6509,258.1812,48.6924,291.6552,
193,0.6226680999989185,622.6680999989185,1,SET 1,202,7,619.2588,261.0836,47.9303,293.9514,
194,0.6150791000000027,615.0791000000027,1,SET 1,202,7,611.7914,259.0073,49.178,293.5962,
195,0.6385455999989063,638.5455999989063,1,SET 1,202,7,634.3266,276.1913,49.099,296.2962,
196,0.6228157999994437,622.8157999994437,1,SET 1,202,7,618.556,263.3951,47.1887,295.3232,
197,0.6206216999999015,620.6216999999015,1,SET 1,202,7,616.8807,259.8677,49.2487,287.4275,
198,0.6136466000007204,613.6466000007204,1,SET 1,202,7,608.5911,253.8688,47.4592,291.6281,
199,0.5650559999994584,565.0559999994584,1,SET 1,202,7,560.9192,206.7691,47.467,287.5908,
200,0.6235615000005055,623.5615000005055,1,SET 1,202,7,620.1494,261.2167,51.1947,296.196,
201,0.6072578000002977,607.2578000002977,1,SET 1,202,7,603.7833,247.5088,48.4844,296.9701,
202,0.5973054000005504,597.3054000005504,1,SET 1,202,7,594.1563,230.0696,49.1348,301.7901,
203,0.6128656000000774,612.8656000000774,1,SET 1,202,7,610.3918,248.8069,52.5641,298.0566,
204,0.6214376999996603,621.4376999996603,1,SET 1,202,7,616.6606,261.9759,48.1474,290.9669,
205,0.6361960000012914,636.1960000012914,1,SET 1,202,7,632.4678,271.7376,50.2856,299.2617,
206,0.625496500000736,625.496500000736,1,SET 1,202,7,621.5327,258.8309,48.5064,300.5224,
207,0.6270049999984622,627.0049999984622,1,SET 1,202,7,623.6723,265.8801,50.2584,296.4744,
208,0.6323231999995187,632.3231999995187,1,SET 1,202,7,628.6352,265.5983,50.4627,302.7133,
209,0.615056700000423,615.056700000423,1,SET 1,202,7,610.7581,255.6379,48.4613,297.19,
210,0.6312651000007463,631.2651000007463,1,SET 1,202,7,627.3837,269.365,50.5868,296.6308,
211,0.6255055000001448,625.5055000001448,1,SET 1,202,7,620.6957,264.6754,49.1835,284.2577,
212,0.5920747999989544,592.0747999989544,1,SET 1,202,7,586.7963,233.9967,48.4055,293.2643,
213,0.623966000001019,623.966000001019,1,SET 1,202,7,619.9145,263.0924,50.3632,290.2319,
214,0.6155954999994719,615.5954999994719,1,SET 1,202,7,612.4373,254.1424,51.5845,294.2402,
215,0.6361529999994673,636.1529999994673,1,SET 1,202,7,631.5532,276.8245,49.1078,293.4752,
216,0.6292477000006329,629.2477000006329,1,SET 1,202,7,625.7993,267.6403,48.9872,297.1606,
217,0.604314099999101,604.314099999101,1,SET 1,202,7,601.2341,247.2351,48.657,291.817,
218,0.6030682000000525,603.0682000000525,1,SET 1,202,7,599.7909,243.4017,51.0741,294.219,
219,0.6260800999989442,626.0800999989442,1,SET 1,202,7,622.0238,265.2094,47.5996,289.544,
220,0.6210136999998213,621.0136999998213,1,SET 1,202,7,618.434,261.1423,48.4852,293.9215,
221,0.6270358000001579,627.0358000001579,1,SET 1,202,7,623.3844,263.7871,50.9247,293.6208,
222,0.6269967999996879,626.9967999996879,1,SET 1,202,7,623.012,261.0753,47.8807,297.4548,
223,0.6195698999999877,619.5698999999877,1,SET 1,202,7,616.8946,261.3579,48.5681,288.8697,
224,0.6458143000018026,645.8143000018026,1,SET 1,202,7,642.3296,284.2459,51.2375,293.5915,
225,0.6067273999997269,606.7273999997269,1,SET 1,202,7,603.1285,249.2141,46.5128,287.8109,
226,0.6377682999991521,637.7682999991521,1,SET 1,202,7,633.3749,270.9557,51.7091,291.7602,
227,0.6253464000001259,625.3464000001259,1,SET 1,202,7,622.6857,265.1728,49.6575,299.349,
228,0.6362428000011278,636.2428000011278,1,SET 1,202,7,631.7932,273.1651,51.8793,294.7964,
229,0.62855639999907,628.55639999907,1,SET 1,202,7,624.6683,265.6147,48.6339,287.5424,
230,0.6199209000005794,619.9209000005794,1,SET 1,202,7,617.0363,260.4324,49.7502,293.8182,
231,0.6306096999996953,630.6096999996953,1,SET 1,202,7,627.1176,270.0104,50.6229,292.9368,
232,0.640110199999981,640.110199999981,1,SET 1,202,7,635.6481,275.6858,52.1836,293.3145,
233,0.6078039000003628,607.8039000003628,1,SET 1,202,7,604.6938,248.685,50.8342,296.198,
234,0.6265118999999686,626.5118999999686,1,SET 1,202,7,623.9606,268.8412,48.3984,293.9803,
235,0.605541799999628,605.541799999628,1,SET 1,202,7,601.2412,242.3497,48.4718,299.3998,
236,0.6200026999995316,620.0026999995316,1,SET 1,202,7,616.471,257.7316,46.1752,286.888,
237,0.640531999999439,640.531999999439,1,SET 1,202,7,637.6901,274.427,48.6143,301.4358,
238,0.6043804000000819,604.3804000000819,1,SET 1,202,7,601.0342,246.3083,49.7048,294.6469,
239,0.6140709000010247,614.0709000010247,1,SET 1,202,7,609.851,256.0816,49.3624,283.8098,
240,0.6309796999994433,630.9796999994433,1,SET 1,202,7,628.0797,268.1109,51.4023,295.4702,
241,0.6332413000000088,633.2413000000088,1,SET 1,202,7,629.1835,271.1643,50.4874,293.6948,
242,0.6304654000014125,630.4654000014125,1,SET 1,202,7,627.49,268.489,52.1589,297.4466,
243,0.6258438000004389,625.8438000004389,1,SET 1,202,7,622.4909,262.6764,49.2849,298.8462,
244,0.6239726000003429,623.9726000003429,1,SET 1,202,7,619.7948,262.8865,48.3158,290.5352,
245,0.6258319000007759,625.8319000007759,1,SET 1,202,7,623.2225,266.7271,49.0281,298.305,
246,0.6228526000013517,622.8526000013517,1,SET 1,202,7,619.1695,257.4604,47.4176,298.8032,
247,0.6274804999993648,627.4804999993648,1,SET 1,202,7,623.2033,263.3109,50.0069,295.4863,
248,0.6248539999996865,624.8539999996865,1,SET 1,202,7,621.6711,264.1231,50.114,293.9209,
249,0.6273887000006653,627.3887000006653,1,SET 1,202,7,623.9741,266.403,50.5299,298.9999,
250,0.6358185000008234,635.8185000008234,1,SET 1,202,7,632.0058,272.238,48.6557,303.0162,
251,0.6110975999999937,611.0975999999937,1,SET 1,202,7,607.2007,241.5844,52.0853,304.1759,
252,0.6022095000007539,602.2095000007539,1,SET 1,202,7,598.9315,225.8087,48.3405,312.3153,
253,0.6234301999993477,623.4301999993477,1,SET 1,202,7,619.314,258.5237,48.8163,299.7785,
254,0.6116260000017064,611.6260000017064,1,SET 1,202,7,608.3084,243.0676,51.7081,302.9879,
255,0.6196012000000337,619.6012000000337,1,SET 1,202,7,616.9368,253.1076,50.3874,303.1824,
256,0.6397448000006989,639.7448000006989,1,SET 1,202,7,636.0822,263.6611,52.4835,300.4627,
257,0.6474637000010262,647.4637000010262,1,SET 1,202,7,643.0692,269.0125,52.7544,306.3527,
258,0.6087728999991668,608.7728999991668,1,SET 1,202,7,604.5754,245.5671,51.7254,298.3428,
259,0.6122429000006377,612.2429000006377,1,SET 1,202,7,607.644,243.8778,51.4615,304.0751,
260,0.6275808999998844,627.5808999998844,1,SET 1,202,7,625.2976,263.8725,51.8909,300.2636,
261,0.624739299999419,624.739299999419,1,SET 1,202,7,621.3266,262.9761,49.5863,291.8663,
262,0.6250360000012734,625.0360000012734,1,SET 1,202,7,620.5964,256.9534,51.4021,303.3781,
263,0.6210022999985085,621.0022999985085,1,SET 1,202,7,617.6373,259.9489,51.2548,295.4923,
264,0.6105786999996781,610.5786999996781,1,SET 1,202,7,606.3663,248.756,49.6107,295.0432,
265,0.6394147999999404,639.4147999999404,1,SET 1,202,7,635.5143,277.2538,50.7368,287.9857,
266,0.6235481999992771,623.5481999992771,1,SET 1,202,7,619.5548,258.5002,49.4161,303.3378,
267,0.6139169000016409,613.9169000016409,1,SET 1,202,7,610.7831,256.5573,50.4343,292.8368,
268,0.6409268000006705,640.9268000006705,1,SET 1,202,7,637.9371,278.0011,51.2647,290.1474,
269,0.6221702999991976,622.1702999991976,1,SET 1,202,7,618.9347,256.0461,48.4506,303.3565,
270,0.6129502999992837,612.9502999992837,1,SET 1,202,7,608.5961,251.3878,48.6562,290.0095,
271,0.623256400000173,623.256400000173,1,SET 1,202,7,619.4027,258.235,52.709,294.5978,
272,0.6018081000001985,601.8081000001985,1,SET 1,202,7,597.2759,236.7566,51.7913,298.2185,
273,0.6430063000007067,643.0063000007067,1,SET 1,202,7,638.4395,282.6705,50.1362,294.2903,
274,0.6214440000003378,621.4440000003378,1,SET 1,202,7,618.6511,261.208,50.1655,293.9559,
275,0.5945311000014044,594.5311000014044,1,SET 1,202,7,591.4074,235.4009,51.4144,294.2932,
276,0.622685399999682,622.685399999682,1,SET 1,202,7,620.5745,261.2147,50.9665,290.825,
277,0.6230282000014995,623.0282000014995,1,SET 1,202,7,618.1253,263.5371,48.5814,292.6672,
278,0.6477359999989858,647.7359999989858,1,SET 1,202,7,643.9902,281.9028,51.6355,301.3877,
279,0.62221049999971,622.21049999971,1,SET 1,202,7,617.3956,257.1962,50.5433,298.2365,
280,0.608317199999874,608.317199999874,1,SET 1,202,7,604.7904,246.1191,51.0351,292.9561,
281,0.6335985999994591,633.5985999994591,1,SET 1,202,7,629.3261,270.2267,51.0001,294.9145,
282,0.6225364000001719,622.5364000001719,1,SET 1,202,7,619.6361,258.0768,51.8975,295.6142,
283,0.6077500999999756,607.7500999999756,1,SET 1,202,7,603.7699,251.7755,49.2345,292.8423,
284,0.6438757999985683,643.8757999985683,1,SET 1,202,7,641.9037,280.8465,48.7408,300.7717,
285,0.6226217999992514,622.6217999992514,1,SET 1,202,7,618.0738,257.7577,50.8165,294.2841,
286,0.6369684000001143,636.9684000001143,1,SET 1,202,7,633.5378,279.0523,45.1011,296.964,
287,0.6319922000002407,631.9922000002407,1,SET 1,202,7,628.5648,268.1872,48.3961,297.4437,
288,0.5933272999991459,593.3272999991459,1,SET 1,202,7,590.6037,230.5067,49.8826,295.402,
289,0.6387995000004594,638.7995000004594,1,SET 1,202,7,635.2668,275.1695,47.6717,291.3942,
290,0.625541900000826,625.541900000826,1,SET 1,202,7,621.0624,261.0882,48.7769,298.2928,
291,0.6283209999983228,628.3209999983228,1,SET 1,202,7,623.5879,267.83,48.5714,291.4406,
292,0.628610399999161,628.610399999161,1,SET 1,202,7,627.6898,268.2809,48.4034,295.9672,
293,0.6237061000010726,623.7061000010726,1,SET 1,202,7,620.5409,258.9536,51.1836,297.6405,
294,0.6238227000012557,623.8227000012557,1,SET 1,202,7,620.1338,269.0064,47.7178,287.3379,
295,0.6424000999995769,642.4000999995769,1,SET 1,202,7,638.2216,276.7739,50.527,299.2946,
296,0.6067512999998144,606.7512999998144,1,SET 1,202,7,602.3217,246.2457,51.4558,292.8992,
297,0.63732600000003,637.32600000003,1,SET 1,202,7,633.1594,275.0473,51.0612,293.7541,
298,0.6388987000009365,638.8987000009365,1,SET 1,202,7,635.6334,274.6313,50.8031,301.5525,
299,0.6453025999999227,645.3025999999227,1,SET 1,202,7,641.1353,280.8683,50.5802,297.0374,
300,0.6144254999999248,614.4254999999248,1,SET 1,202,7,610.7124,249.7884,55.0859,288.4628,
301,0.5846123000010266,584.6123000010266,1,SET 1,202,7,581.7026,219.3846,48.7308,300.1825,
302,0.6076458000006824,607.6458000006824,1,SET 1,202,7,604.6563,236.3312,49.0415,306.4038,
303,0.6219544999985374,621.9544999985374,1,SET 1,202,7,617.9316,254.5226,51.0824,298.0837,
304,0.6036491000013484,603.6491000013484,1,SET 1,202,7,599.3033,238.4892,51.2063,295.442,
305,0.6355325000004086,635.5325000004086,1,SET 1,202,7,630.7119,263.8002,52.0892,299.0246,
306,0.6464716999998927,646.4716999998927,1,SET 1,202,7,644.02,278.1384,51.4953,295.9239,
307,0.6432893000001059,643.2893000001059,1,SET 1,202,7,638.6505,272.3323,51.5213,299.3504,
308,0.6572168000002421,657.2168000002421,1,SET 1,202,7,654.4722,286.5803,51.3447,296.1156,
309,0.6397623000011663,639.7623000011663,1,SET 1,202,7,635.7202,265.824,54.6974,298.3393,
310,0.6359657000011794,635.9657000011794,1,SET 1,202,7,633.313,269.7063,52.1997,299.6473,
311,0.6454530000009981,645.4530000009981,1,SET 1,202,7,642.2073,268.5104,53.054,309.3162,
312,0.6310871000005136,631.0871000005136,1,SET 1,202,7,628.3856,254.2095,49.514,306.4471,
313,0.6315728000008676,631.5728000008676,1,SET 1,202,7,626.9649,267.8543,48.8794,298.578,
314,0.6317644999999175,631.7644999999175,1,SET 1,202,7,628.2578,268.7758,50.9085,299.216,
315,0.6404342999994697,640.4342999994697,1,SET 1,202,7,635.8954,278.6219,48.8221,300.1914,
316,0.6403444999996282,640.3444999996282,1,SET 1,202,7,635.7997,275.553,50.7508,293.267,
317,0.6153178000004118,615.3178000004118,1,SET 1,202,7,611.4675,251.8061,47.8744,295.0083,
318,0.6301617000008264,630.1617000008264,1,SET 1,202,7,628.2475,271.9349,51.4681,291.2822,
319,0.6119813000004797,611.9813000004797,1,SET 1,202,7,606.9937,247.9217,50.7463,300.1324,
320,0.586649099999704,586.649099999704,1,SET 1,202,7,582.6298,223.4345,49.7036,301.9001,
321,0.6186980999991647,618.6980999991647,1,SET 1,202,7,615.4424,257.8812,49.2385,295.6264,
322,0.6061914000001707,606.1914000001707,1,SET 1,202,7,602.9734,240.7497,50.1103,297.9852,
323,0.620579500000531,620.579500000531,1,SET 1,202,7,616.6474,254.4232,50.8424,298.3424,
324,0.6466708999996627,646.6708999996627,1,SET 1,202,7,644.4356,283.9101,51.3375,298.5511,
325,0.6283987999995588,628.3987999995588,1,SET 1,202,7,624.7828,260.7583,52.0661,298.61,
326,0.6254017000010208,625.4017000010208,1,SET 1,202,7,621.11,260.811,48.1267,298.2585,
327,0.6407355000010284,640.7355000010284,1,SET 1,202,7,637.4372,279.2463,51.3226,297.1861,
328,0.6041113999999652,604.1113999999652,1,SET 1,202,7,599.8001,244.4087,50.0859,287.639,
329,0.6261748000015359,626.1748000015359,1,SET 1,202,7,621.6515,264.3546,49.7517,294.8446,
330,0.6202714999999444,620.2714999999444,1,SET 1,202,7,617.0389,260.4623,50.9098,291.6606,
331,0.6436723999995593,643.6723999995593,1,SET 1,202,7,640.8663,280.722,51.4884,300.769,
332,0.6336807999996381,633.6807999996381,1,SET 1,202,7,630.6049,274.2334,48.8311,297.0465,
333,0.5831503999997949,583.1503999997949,1,SET 1,202,7,579.4767,219.3913,47.8845,295.798,
334,0.6411012999997183,641.1012999997183,1,SET 1,202,7,637.6994,277.6634,51.3218,291.8978,
335,0.645022800001243,645.022800001243,1,SET 1,202,7,640.2877,282.6873,52.087,293.1967,
336,0.6172022999999172,617.2022999999172,1,SET 1,202,7,614.3163,254.8881,49.345,300.3929,
337,0.6323145000005752,632.3145000005752,1,SET 1,202,7,630.0947,274.2716,48.2018,293.9499,
338,0.5845850000005157,584.5850000005157,1,SET 1,202,7,580.5717,223.1624,48.4326,297.8693,
339,0.6368764999988343,636.8764999988343,1,SET 1,202,7,634.5699,275.9003,48.116,292.1586,
340,0.6363964000011038,636.3964000011038,1,SET 1,202,7,632.5619,266.3655,48.8879,302.828,
341,0.6137155999986135,613.7155999986135,1,SET 1,202,7,610.0559,244.6519,52.955,297.7079,
342,0.6354372999994666,635.4372999994666,1,SET 1,202,7,632.8389,268.9291,49.0714,300.568,
343,0.6284450999992259,628.4450999992259,1,SET 1,202,7,623.962,261.8002,51.758,299.893,
344,0.6511656999991828,651.1656999991828,1,SET 1,202,7,648.1261,285.0466,52.9775,295.6541,
345,0.6395831999998336,639.5831999998336,1,SET 1,202,7,636.029,274.6853,50.0181,298.1019,
346,0.6064951999996993,606.4951999996993,1,SET 1,202,7,603.6049,247.4983,50.8048,291.4974,
347,0.6396119000000908,639.6119000000908,1,SET 1,202,7,635.9942,271.2547,53.0851,298.4521,
348,0.6323147999992216,632.3147999992216,1,SET 1,202,7,629.2442,269.3118,48.2606,299.4141,
349,0.6320950999997876,632.0950999997876,1,SET 1,202,7,628.9885,265.244,52.9001,299.0519,
350,0.61894939999911,618.94939999911,1,SET 1,202,7,616.2467,257.9458,51.6452,291.4901,
351,0.6068089000000327,606.8089000000327,1,SET 1,202,7,602.493,244.5322,49.7777,299.7925,
352,0.6275847000015347,627.5847000015347,1,SET 1,202,7,624.7335,267.7124,50.2544,290.1276,
353,0.6367110000010143,636.7110000010143,1,SET 1,202,7,632.3377,271.7897,48.452,296.5383,
354,0.5909506999996665,590.9506999996665,1,SET 1,202,7,587.8627,230.7207,50.4488,290.934,
355,0.62057090000053,620.57090000053,1,SET 1,202,7,617.8611,262.1855,48.5652,293.3686,
356,0.6429680999990524,642.9680999990524,1,SET 1,202,7,640.7154,279.5427,47.786,299.8786,
357,0.6059547000004386,605.9547000004386,1,SET 1,202,7,601.4206,238.838,50.1519,301.2238,
358,0.6056625999990501,605.6625999990501,1,SET 1,202,7,603.0444,234.3293,45.981,309.3148,
359,0.6175420999989001,617.5420999989001,1,SET 1,202,7,613.2195,247.3091,49.6515,299.2122,
360,0.6384517999995296,638.4517999995296,1,SET 1,202,7,633.8149,267.6611,51.6919,303.9682,
361,0.6270399000004545,627.0399000004545,1,SET 1,202,7,623.7316,257.0155,47.5894,299.8083,
362,0.613872400001128,613.872400001128,1,SET 1,202,7,611.1545,232.474,48.7166,309.6616,
363,0.6112375000011525,611.2375000011525,1,SET 1,202,7,608.2234,248.5502,50.6717,295.1037,
364,0.654710900000282,654.710900000282,1,SET 1,202,7,650.2416,273.9251,53.9037,308.1575,
365,0.642887800000608,642.887800000608,1,SET 1,202,7,640.2642,270.9616,51.4068,307.3194,
366,0.5673606999989715,567.3606999989715,1,SET 1,202,7,563.1742,206.513,50.1832,295.7903,
367,0.604443899999751,604.443899999751,1,SET 1,202,7,600.6192,244.4026,50.7733,294.8718,
368,0.6271498000005522,627.1498000005522,1,SET 1,202,7,623.8053,266.7359,49.356,294.3042,
369,0.6192895000003773,619.2895000003773,1,SET 1,202,7,614.3067,259.7968,46.4692,287.4063,
370,0.6156620999990992,615.6620999990992,1,SET 1,202,7,610.6533,253.9876,48.8512,294.9658,
371,0.6209003000003577,620.9003000003577,1,SET 1,202,7,616.7536,263.7537,50.1743,288.6232,
372,0.593615800000407,593.615800000407,1,SET 1,202,7,589.3932,236.6671,45.723,289.1027,
373,0.6222571999987849,622.2571999987849,1,SET 1,202,7,619.0831,262.9856,47.8467,291.7379,
374,0.6301733999989665,630.1733999989665,1,SET 1,202,7,626.8196,268.2414,47.6805,298.8935,
375,0.6086410999996588,608.6410999996588,1,SET 1,202,7,605.0628,250.8897,48.671,292.6016,
376,0.6402285000003758,640.2285000003758,1,SET 1,202,7,637.8204,284.8176,50.9422,295.6265,
377,0.6256173000001581,625.6173000001581,1,SET 1,202,7,620.3374,262.546,48.1799,288.6417,
378,0.6289166999995359,628.9166999995359,1,SET 1,202,7,623.9299,269.0607,47.7589,290.6814,
379,0.6203153000005841,620.3153000005841,1,SET 1,202,7,618.3001,259.7762,51.1343,297.4093,
380,0.6294868999993923,629.4868999993923,1,SET 1,202,7,624.8715,264.6863,48.2456,298.5715,
381,0.6322863000004872,632.2863000004872,1,SET 1,202,7,628.5208,267.9003,50.7539,300.2221,
382,0.6175432000000001,617.5432000000001,1,SET 1,202,7,612.0021,258.2089,50.1252,289.8664,
383,0.6090316999998322,609.0316999998322,1,SET 1,202,7,605.4114,250.9097,49.939,295.3903,
384,0.6272111999987828,627.2111999987828,1,SET 1,202,7,622.5322,265.846,48.377,300.2917,
385,0.6046869000001607,604.6869000001607,1,SET 1,202,7,600.9408,245.3948,48.0959,297.6115,
386,0.6363829000001715,636.3829000001715,1,SET 1,202,7,632.0815,272.3319,50.748,298.2378,
387,0.622049400000833,622.049400000833,1,SET 1,202,7,619.1328,264.7557,49.6196,292.6488,
388,0.6090497999994113,609.0497999994113,1,SET 1,202,7,606.9037,235.3824,49.1645,309.5645,
389,0.6187613000001875,618.7613000001875,1,SET 1,202,7,615.0808,258.5374,50.0101,297.7274,
390,0.625923599998714,625.923599998714,1,SET 1,202,7,621.1144,265.2143,48.8459,281.6975,
391,0.6305013000001054,630.5013000001054,1,SET 1,202,7,626.6656,271.0613,49.0685,293.5797,
392,0.620777399999497,620.777399999497,1,SET 1,202,7,617.5588,263.7705,48.2119,296.4153,
393,0.5963396000006469,596.3396000006469,1,SET 1,202,7,593.3029,238.4031,44.6876,295.9448,
394,0.6409105000002455,640.9105000002455,1,SET 1,202,7,638.0722,279.6988,50.157,295.2744,
395,0.6293288000015309,629.3288000015309,1,SET 1,202,7,625.8582,265.1621,50.9382,295.3392,
396,0.6001603000004252,600.1603000004252,1,SET 1,202,7,596.279,236.7082,50.648,294.4781,
397,0.6225126000008459,622.5126000008459,1,SET 1,202,7,619.5988,261.7896,49.5142,294.5048,
398,0.620736200000465,620.736200000465,1,SET 1,202,7,616.0418,257.7412,45.6673,299.9592,
399,0.6282201000012719,628.2201000012719,1,SET 1,202,7,623.3339,265.2305,49.1136,298.0829,
400,0.6369723999996495,636.9723999996495,1,SET 1,202,7,633.5733,274.6323,51.61,294.9355,
401,0.6005411999994976,600.5411999994976,1,SET 1,202,7,596.6081,239.5095,50.542,291.3516,
402,0.6225169000008464,622.5169000008464,1,SET 1,202,7,619.9194,260.6879,49.6849,298.0619,
403,0.627593799999886,627.593799999886,1,SET 1,202,7,622.8059,264.663,49.4383,295.67,
404,0.6324153999994451,632.4153999994451,1,SET 1,202,7,628.5232,268.7646,49.1377,299.6894,
405,0.6248732999993081,624.8732999993081,1,SET 1,202,7,620.8891,260.9678,51.9249,299.4767,
406,0.609133699999802,609.133699999802,1,SET 1,202,7,604.4689,245.5951,47.4178,300.791,
407,0.6097217000005912,609.7217000005912,1,SET 1,202,7,604.6817,245.624,49.4828,299.9803,
408,0.6268688000000111,626.8688000000111,1,SET 1,202,7,624.2301,265.8231,49.7797,300.2509,
409,0.6026829000002181,602.6829000002181,1,SET 1,202,7,597.9334,235.7174,48.5373,298.4289,
410,0.6227591000006214,622.7591000006214,1,SET 1,202,7,620.6558,264.2142,48.7207,295.3563,
411,0.6251071999995474,625.1071999995474,1,SET 1,202,7,622.1143,261.9003,49.913,296.0385,
412,0.6357912000003125,635.7912000003125,1,SET 1,202,7,631.1778,274.2131,48.9846,294.871,
413,0.6158978999992542,615.8978999992542,1,SET 1,202,7,610.7414,250.0706,49.8397,298.4553,
414,0.597593099999358,597.593099999358,1,SET 1,202,7,593.7296,235.0555,49.4304,300.4946,
415,0.6224263000003702,622.4263000003702,1,SET 1,202,7,618.9223,262.757,49.8199,293.4807,
416,0.6174667000013869,617.4667000013869,1,SET 1,202,7,614.305,253.8279,49.5946,291.8646,
417,0.6427438000009715,642.7438000009715,1,SET 1,202,7,638.0922,261.0901,48.8948,313.5057,
418,0.6352394000005006,635.2394000005006,1,SET 1,202,7,632.7679,273.5328,49.1629,290.9246,
419,0.6190548000013223,619.0548000013223,1,SET 1,202,7,615.3946,258.8841,48.2264,293.6822,
420,0.6314120999995794,631.4120999995794,1,SET 1,202,7,628.2562,269.7113,51.3036,294.2979,
421,0.6301058999997622,630.1058999997622,1,SET 1,202,7,627.4094,268.725,50.4672,294.6538,
422,0.5989086000008683,598.9086000008683,1,SET 1,202,7,596.044,238.7968,50.2698,297.3298,
423,0.6278077000006306,627.8077000006306,1,SET 1,202,7,624.32,265.9674,45.5396,297.8701,
424,0.6341690999997809,634.1690999997809,1,SET 1,202,7,629.907,265.1575,49.8057,306.4909,
425,0.6206763999998657,620.6763999998657,1,SET 1,202,7,616.6653,257.6735,45.9095,303.3475,
426,0.6188143999988824,618.8143999988824,1,SET 1,202,7,616.9124,255.7443,52.3645,293.9911,
427,0.6209008000005269,620.9008000005269,1,SET 1,202,7,617.0376,254.3294,50.6139,296.2979,
428,0.6337385000006179,633.7385000006179,1,SET 1,202,7,630.5388,272.9286,51.7696,289.531,
429,0.6418451999998069,641.8451999998069,1,SET 1,202,7,638.4865,275.2071,51.3373,299.899,
430,0.6084491000001435,608.4491000001435,1,SET 1,202,7,603.9877,242.1262,50.5772,297.5655,
431,0.6346061999993253,634.6061999993253,1,SET 1,202,7,629.2138,267.1806,53.5588,295.434,
432,0.6380007999996451,638.0007999996451,1,SET 1,202,7,633.6012,272.2487,49.1743,300.2592,
433,0.6293473000005179,629.3473000005179,1,SET 1,202,7,626.1329,268.3478,49.95,298.2384,
434,0.6371696999995038,637.1696999995038,1,SET 1,202,7,634.0114,273.8072,49.3068,299.8631,
435,0.5936879000000772,593.6879000000772,1,SET 1,202,7,590.6882,229.5591,50.9678,288.4516,
436,0.6289157000010164,628.9157000010164,1,SET 1,202,7,625.2041,270.3585,48.3476,293.3843,
437,0.6312299000001076,631.2299000001076,1,SET 1,202,7,627.6236,269.9468,51.4975,298.4596,
438,0.612707499998578,612.707499998578,1,SET 1,202,7,608.3035,250.8783,49.2444,295.3972,
439,0.6254463999994186,625.4463999994186,1,SET 1,202,7,623.4249,262.3027,52.0315,291.3468,
440,0.6065323000002536,606.5323000002536,1,SET 1,202,7,601.8339,240.1251,50.1841,297.428,
441,0.6175897000011901,617.5897000011901,1,SET 1,202,7,614.0838,250.5213,48.116,301.9404,
442,0.6196127999992314,619.6127999992314,1,SET 1,202,7,616.3689,254.1741,50.7741,291.1566,
443,0.6280770000012126,628.0770000012126,1,SET 1,202,7,623.6439,246.079,51.2252,306.4597,
444,0.6310284000010142,631.0284000010142,1,SET 1,202,7,629.7872,269.7271,47.7304,297.6534,
445,0.6300730999992084,630.0730999992084,1,SET 1,202,7,625.9241,269.2593,50.1034,293.3256,
446,0.6342120000008435,634.2120000008435,1,SET 1,202,7,632.0632,272.2326,47.7115,296.2448,
447,0.6351199000000634,635.1199000000634,1,SET 1,202,7,631.7293,266.1811,51.1336,299.9992,
448,0.6256319000003714,625.6319000003714,1,SET 1,202,7,622.0248,254.0112,51.3638,303.9717,
449,0.6386703000007401,638.6703000007401,1,SET 1,202,7,635.1002,270.2255,50.323,305.6853,
450,0.6358685000013793,635.8685000013793,1,SET 1,202,7,632.7275,272.01,51.8554,295.5033,
451,0.6121321999999054,612.1321999999054,1,SET 1,202,7,608.4659,248.0877,49.9185,304.5916,
452,0.6163209000005736,616.3209000005736,1,SET 1,202,7,612.4279,254.0176,50.0066,291.3742,
453,0.642913800000315,642.913800000315,1,SET 1,202,7,639.1513,265.1398,52.0666,312.0004,
454,0.6472645999983797,647.2645999983797,1,SET 1,202,7,643.8386,269.8055,51.732,307.8133,
455,0.6161417999992409,616.1417999992409,1,SET 1,202,7,612.5267,252.4641,51.5995,295.1548,
456,0.6129469999996218,612.9469999996218,1,SET 1,202,7,608.7084,250.3498,50.5966,295.9662,
457,0.5734991999997874,573.4991999997874,1,SET 1,202,7,569.3784,208.3055,47.9265,301.8161,
458,0.6332765000006475,633.2765000006475,1,SET 1,202,7,628.1126,258.1781,49.1741,305.0801,
459,0.6329449999993813,632.9449999993813,1,SET 1,202,7,629.3828,266.5229,50.6392,296.7201,
460,0.6386314000010316,638.6314000010316,1,SET 1,202,7,634.1074,278.1059,48.8217,292.4688,
461,0.6372435000012047,637.2435000012047,1,SET 1,202,7,634.5145,269.5938,49.4575,301.1342,
462,0.6366490999989765,636.6490999989765,1,SET 1,202,7,633.7126,270.7891,48.3547,297.1854,
463,0.6293994999996357,629.3994999996357,1,SET 1,202,7,626.3659,268.7074,51.664,295.9224,
464,0.5950980999987223,595.0980999987223,1,SET 1,202,7,590.6663,227.0681,49.4309,303.1641,
465,0.6203411000005872,620.3411000005872,1,SET 1,202,7,615.4871,256.2342,48.178,299.253,
466,0.6178906999994069,617.8906999994069,1,SET 1,202,7,616.8243,258.7439,50.3304,295.9036,
467,0.6157530000000406,615.7530000000406,1,SET 1,202,7,611.3304,253.0955,48.4376,300.4179,
468,0.6291674000003695,629.1674000003695,1,SET 1,202,7,625.2541,261.5197,49.8052,295.9594,
469,0.6259080999989237,625.9080999989237,1,SET 1,202,7,622.5462,260.3993,49.619,298.6585,
470,0.6353901000002224,635.3901000002224,1,SET 1,202,7,631.9195,272.349,50.9275,301.2839,
471,0.6299074999988079,629.9074999988079,1,SET 1,202,7,625.6016,269.2947,48.0295,289.9002,
472,0.5659479999994801,565.9479999994801,1,SET 1,202,7,560.9374,203.2269,48.1921,297.4028,
473,0.5835096999999223,583.5096999999223,1,SET 1,202,7,580.4006,221.2728,46.1807,300.057,
474,0.6199257999996917,619.9257999996917,1,SET 1,202,7,614.7377,258.9424,48.619,291.111,
475,0.6311711000016658,631.1711000016658,1,SET 1,202,7,627.7798,267.7127,51.3032,292.0931,
476,0.6345829000001686,634.5829000001686,1,SET 1,202,7,631.7147,269.0126,51.8575,290.7395,
477,0.5931409000004351,593.1409000004351,1,SET 1,202,7,590.2134,235.3078,48.3006,293.1983,
478,0.6288696999999956,628.8696999999956,1,SET 1,202,7,625.4539,266.9579,51.2842,298.3006,
479,0.6320950000008452,632.0950000008452,1,SET 1,202,7,627.2827,264.7021,49.2167,299.805,
480,0.635840900000403,635.840900000403,1,SET 1,202,7,631.9389,274.4931,46.6448,298.975,
481,0.6447403999991366,644.7403999991366,1,SET 1,202,7,639.9181,280.6476,50.9176,295.0284,
482,0.6145137999992585,614.5137999992585,1,SET 1,202,7,611.6725,251.6337,50.3968,299.359,
483,0.6258124000014504,625.8124000014504,1,SET 1,202,7,622.2482,264.8918,50.2913,297.5795,
484,0.6204777999992075,620.4777999992075,1,SET 1,202,7,617.4817,259.6547,47.061,294.235,
485,0.6097628000006807,609.7628000006807,1,SET 1,202,7,606.3597,248.9865,49.1554,290.2621,
486,0.617887200000041,617.887200000041,1,SET 1,202,7,615.8488,261.269,49.7764,290.4867,
487,0.6127199000002292,612.7199000002292,1,SET 1,202,7,608.3022,255.6239,49.1087,293.6594,
488,0.6392833000008977,639.2833000008977,1,SET 1,202,7,635.5821,277.0082,50.3812,299.1994,
489,0.6155182999991666,615.5182999991666,1,SET 1,202,7,610.5082,249.8302,49.9251,301.9086,
490,0.5888718999995035,588.8718999995035,1,SET 1,202,7,584.1877,228.1032,47.3245,292.0503,
491,0.6334076000002824,633.4076000002824,1,SET 1,202,7,628.6624,268.6506,49.5407,299.5765,
492,0.6262571999995998,626.2571999995998,1,SET 1,202,7,622.3814,269.1931,48.6924,291.0299,
493,0.6116184000002249,611.6184000002249,1,SET 1,202,7,607.6956,253.5674,48.7211,283.2082,
494,0.608221999998932,608.221999998932,1,SET 1,202,7,604.9778,248.0367,50.9976,290.9096,
495,0.6078879000015149,607.8879000015149,1,SET 1,202,7,605.8291,245.358,49.4228,296.8767,
496,0.617119399999865,617.119399999865,1,SET 1,202,7,611.7927,251.5402,51.9568,296.0724,
497,0.6396494999989955,639.6494999989955,1,SET 1,202,7,636.3255,270.8428,50.2066,301.9084,
498,0.6022572000001674,602.2572000001674,1,SET 1,202,7,598.2192,239.5614,50.8627,295.5982,
499,0.6319547000002785,631.9547000002785,1,SET 1,202,7,628.8532,270.4825,48.3278,296.7468,
500,0.6628516000000673,662.8516000000673,1,SET 1,202,7,659.4822,273.4527,49.743,322.0185,
501,0.6394306000001961,639.4306000001961,1,SET 1,202,7,634.9916,255.0953,51.8729,313.9414,
502,0.6343224000011105,634.3224000011105,1,SET 1,202,7,630.1834,251.1468,51.1868,311.9536,
503,0.6217369999994844,621.7369999994844,1,SET 1,202,7,618.3913,247.9295,48.4026,308.356,
504,0.6209496999999828,620.9496999999828,1,SET 1,202,7,616.3237,257.7002,48.1777,297.169,
505,0.6229170000005979,622.9170000005979,1,SET 1,202,7,619.73,255.4017,51.3921,301.8039,
506,0.6089795999996568,608.9795999996568,1,SET 1,202,7,605.7688,245.9726,45.6307,298.9796,
507,0.630645999999615,630.645999999615,1,SET 1,202,7,627.6988,266.8218,52.1971,296.6512,
508,0.6407115000001795,640.7115000001795,1,SET 1,202,7,637.5476,273.8645,50.1964,301.6732,
509,0.6244738999994297,624.4738999994297,1,SET 1,202,7,620.1734,259.9297,52.9312,292.0258,
510,0.6263190999998187,626.3190999998187,1,SET 1,202,7,621.5946,266.6358,49.8548,297.2464,
511,0.6138332999998966,613.8332999998966,1,SET 1,202,7,611.0268,251.2568,49.9771,295.1771,
512,0.6262083000001439,626.2083000001439,1,SET 1,202,7,623.0626,264.3972,51.7259,297.8134,
513,0.6221607999996195,622.1607999996195,1,SET 1,202,7,617.9122,259.4806,51.3389,293.7205,
514,0.6146808999983477,614.6808999983477,1,SET 1,202,7,611.3348,255.9078,48.7416,295.8652,
515,0.6294316000003164,629.4316000003164,1,SET 1,202,7,624.434,268.2083,48.6485,295.7632,
516,0.6236850000004779,623.6850000004779,1,SET 1,202,7,618.8169,261.1098,49.5054,296.5339,
517,0.6113984000003256,611.3984000003256,1,SET 1,202,7,609.0095,253.1106,48.4912,298.6329,
518,0.6180987999996432,618.0987999996432,1,SET 1,202,7,614.2984,262.3628,48.2137,285.9667,
519,0.5943845000001602,594.3845000001602,1,SET 1,202,7,592.4823,234.354,47.8639,295.1577,
520,0.6469412000005832,646.9412000005832,1,SET 1,202,7,644.6351,286.2014,46.7083,297.3586,
521,0.6263911999994889,626.3911999994889,1,SET 1,202,7,621.8195,262.6006,48.3495,297.7544,
522,0.6184419000001071,618.4419000001071,1,SET 1,202,7,615.4878,258.3721,48.1678,294.1224,
523,0.6259955999994418,625.9955999994418,1,SET 1,202,7,621.1479,262.3055,46.8936,292.2749,
524,0.605380499999228,605.380499999228,1,SET 1,202,7,602.5942,244.4755,45.0959,295.505,
525,0.6392878000006021,639.2878000006021,1,SET 1,202,7,635.4441,274.0221,48.058,294.9831,
526,0.628432999999859,628.432999999859,1,SET 1,202,7,624.0494,266.8163,49.0565,294.9739,
527,0.5723904999995284,572.3904999995284,1,SET 1,202,7,569.5068,211.4877,45.4946,295.443,
528,0.6207178000004205,620.7178000004205,1,SET 1,202,7,616.7192,257.6369,50.7047,295.4453,
529,0.6140219999997498,614.0219999997498,1,SET 1,202,7,611.3022,255.0594,48.7899,296.6192,
530,0.636410999999498,636.410999999498,1,SET 1,202,7,633.7868,273.5107,51.5647,290.4975,
531,0.6298611000001983,629.8611000001983,1,SET 1,202,7,625.1249,267.9276,49.4975,296.3027,
532,0.6022823000002973,602.2823000002973,1,SET 1,202,7,598.6617,232.958,52.0989,291.0595,
533,0.6308607999999367,630.8607999999367,1,SET 1,202,7,628.2317,259.0279,49.0324,299.0764,
534,0.6346909000003507,634.6909000003507,1,SET 1,202,7,630.0215,266.6769,49.2918,303.4497,
535,0.6278699000013148,627.8699000013148,1,SET 1,202,7,624.4293,265.1954,53.5801,288.8922,
536,0.6417495999994571,641.7495999994571,1,SET 1,202,7,637.5523,275.5349,51.9047,294.754,
537,0.6026782999997522,602.6782999997522,1,SET 1,202,7,598.7523,238.3768,50.1065,294.3688,
538,0.6367308000008052,636.7308000008052,1,SET 1,202,7,632.563,271.25,47.7707,301.4715,
539,0.6359417000003305,635.9417000003305,1,SET 1,202,7,632.8082,268.2911,53.8353,297.1716,
540,0.6136674999997922,613.6674999997922,1,SET 1,202,7,609.7427,250.9017,49.491,298.0759,
541,0.642812000000049,642.812000000049,1,SET 1,202,7,639.9215,274.3924,49.4883,305.0942,
542,0.6437234000004537,643.7234000004537,1,SET 1,202,7,639.0056,274.0232,51.7882,289.1568,
543,0.6310306000013952,631.0306000013952,1,SET 1,202,7,627.9174,265.5999,51.4366,294.8981,
544,0.6363122999991901,636.3122999991901,1,SET 1,202,7,632.7764,271.0181,52.3619,297.842,
545,0.6266394000012951,626.6394000012951,1,SET 1,202,7,623.4718,263.6496,49.5585,292.488,
546,0.6288380999994843,628.8380999994843,1,SET 1,202,7,625.376,263.8951,50.4659,298.6736,
547,0.6451032000004489,645.1032000004489,1,SET 1,202,7,642.4734,279.4766,49.8316,301.9039,
548,0.6065035000010539,606.5035000010539,1,SET 1,202,7,602.3839,242.7509,48.5722,295.0944,
549,0.6456142999995791,645.6142999995791,1,SET 1,202,7,641.8803,279.7983,52.3805,294.2226,
550,0.6241708000015933,624.1708000015933,1,SET 1,202,7,619.6946,260.2333,48.0144,293.7814,
551,0.6136059999989811,613.6059999989811,1,SET 1,202,7,609.7088,248.219,54.8737,290.4382,
552,0.6135517000002437,613.5517000002437,1,SET 1,202,7,609.7078,251.8275,47.9543,291.4208,
553,0.5988873000005697,598.8873000005697,1,SET 1,202,7,596.0719,236.98,50.4487,295.9982,
554,0.6422948999988876,642.2948999988876,1,SET 1,202,7,638.7055,275.4337,51.1016,300.4356,
555,0.6306318000006286,630.6318000006286,1,SET 1,202,7,627.4928,263.8426,50.2436,301.7828,
556,0.6081951000014669,608.1951000014669,1,SET 1,202,7,604.1005,247.164,49.2012,300.4522,
557,0.6502274000013131,650.2274000013131,1,SET 1,202,7,644.6938,276.5309,53.6574,299.7002,
558,0.6340705999991769,634.0705999991769,1,SET 1,202,7,630.4371,270.5045,51.7451,295.6727,
559,0.6238073000004078,623.8073000004078,1,SET 1,202,7,620.1825,266.8064,48.7925,294.0418,
560,0.6381721000016114,638.1721000016114,1,SET 1,202,7,634.7532,269.1772,52.4822,294.6918,
561,0.6000736999994842,600.0736999994842,1,SET 1,202,7,595.9431,230.3413,50.7552,295.9838,
562,0.6054406000002928,605.4406000002928,1,SET 1,202,7,602.0734,242.4974,50.0606,297.3138,
563,0.6487057999984245,648.7057999984245,1,SET 1,202,7,645.3496,280.3406,52.1818,299.8475,
564,0.6295929000007163,629.5929000007163,1,SET 1,202,7,624.8813,270.837,45.7967,288.9159,
565,0.6294924000012543,629.4924000012543,1,SET 1,202,7,625.9471,267.0345,50.6039,298.1891,
566,0.6123391999990417,612.3391999990417,1,SET 1,202,7,609.9929,246.7711,51.0907,298.115,
567,0.6244528999995964,624.4528999995964,1,SET 1,202,7,620.3385,254.5331,50.1915,296.7182,
568,0.6364379999995435,636.4379999995435,1,SET 1,202,7,633.0267,268.8117,51.0841,297.6164,
569,0.6119952999997622,611.9952999997622,1,SET 1,202,7,608.4567,247.2941,49.8513,298.6375,
570,0.6334402000011323,633.4402000011323,1,SET 1,202,7,629.2055,269.2004,49.3557,300.1875,
571,0.6393109999989974,639.3109999989974,1,SET 1,202,7,635.8447,274.2581,49.5149,303.5706,
572,0.627025899999353,627.025899999353,1,SET 1,202,7,621.8704,260.9264,48.5236,303.6522,
573,0.63954780000131,639.54780000131,1,SET 1,202,7,635.0351,273.8055,50.2159,290.2506,
574,0.6275564999996277,627.5564999996277,1,SET 1,202,7,624.9495,260.1039,51.9992,301.6514,
575,0.6564770999993925,656.4770999993925,1,SET 1,202,7,653.1736,287.5412,55.3113,299.7856,
576,0.6304079000001366,630.4079000001366,1,SET 1,202,7,625.7773,263.0124,50.1099,302.2304,
577,0.6208370000003924,620.8370000003924,1,SET 1,202,7,617.1011,256.6912,49.6184,302.1457,
578,0.6303420000003825,630.3420000003825,1,SET 1,202,7,625.2783,263.227,53.4228,300.3361,
579,0.6500110999986646,650.0110999986646,1,SET 1,202,7,646.6923,275.0025,49.3669,311.3513,
580,0.632586399999127,632.586399999127,1,SET 1,202,7,629.5951,259.3081,51.6855,306.37,
581,0.6142137000006187,614.2137000006187,1,SET 1,202,7,611.8743,247.8716,49.7846,301.2531,
582,0.6388571000006777,638.8571000006777,1,SET 1,202,7,635.5173,264.651,52.6326,301.007,
583,0.6344461000007868,634.4461000007868,1,SET 1,202,7,631.7621,268.877,52.4264,302.2136,
584,0.638608799999929,638.608799999929,1,SET 1,202,7,635.3004,273.7204,47.6686,295.0433,
585,0.6084184999999707,608.4184999999707,1,SET 1,202,7,605.8737,238.7326,51.9937,302.1013,
586,0.6149096000008285,614.9096000008285,1,SET 1,202,7,612.0807,247.4305,51.1329,294.9667,
587,0.6480427000005875,648.0427000005875,1,SET 1,202,7,643.9131,279.89,51.2713,301.6061,
588,0.6188311999994767,618.8311999994767,1,SET 1,202,7,615.8178,251.4026,50.8023,296.4817,
589,0.614593899999818,614.593899999818,1,SET 1,202,7,612.6046,249.7506,52.2965,299.4456,
590,0.6197399000011501,619.7399000011501,1,SET 1,202,7,616.4214,256.3148,49.0112,298.8049,
591,0.635972899999615,635.972899999615,1,SET 1,202,7,632.0836,271.0595,50.5683,295.0378,
592,0.6402290000005451,640.229000000545,1,SET 1,202,7,636.27,275.0623,50.4424,296.9899,
593,0.5991580999998405,599.1580999998405,1,SET 1,202,7,595.8165,237.4494,49.1164,297.9481,
594,0.6505375999986427,650.5375999986427,1,SET 1,202,7,647.6874,283.9682,50.8306,303.5962,
595,0.6384665999994468,638.4665999994468,1,SET 1,202,7,634.006,278.1186,51.2747,294.2611,
596,0.6067946000002848,606.7946000002848,1,SET 1,202,7,602.9129,244.905,49.2881,300.462,
597,0.6315324999995937,631.5324999995937,1,SET 1,202,7,629.0694,270.5215,50.2488,297.3615,
598,0.6239637000016955,623.9637000016955,1,SET 1,202,7,619.4511,256.1939,49.7212,299.2786,
599,0.6386189000004379,638.6189000004379,1,SET 1,202,7,634.3954,273.3214,50.6301,300.9636,
600,0.6329690000002302,632.9690000002302,1,SET 1,202,7,628.3505,271.0354,50.0555,294.3136,
601,0.6072447999995347,607.2447999995347,1,SET 1,202,7,604.7438,243.2202,50.4288,291.2422,
602,0.6230706999995164,623.0706999995164,1,SET 1,202,7,618.6038,255.8328,49.4808,301.4144,
603,0.6265299999995477,626.5299999995477,1,SET 1,202,7,624.2338,264.3889,46.5803,288.6813,
604,0.6142937000004167,614.2937000004167,1,SET 1,202,7,611.0024,248.0984,49.08,302.457,
605,0.6289649999998801,628.9649999998801,1,SET 1,202,7,625.0394,265.9765,49.7418,287.9634,
606,0.613633299999492,613.633299999492,1,SET 1,202,7,611.0519,251.3421,48.8293,300.7865,
607,0.6460673000001407,646.0673000001407,1,SET 1,202,7,642.9176,283.4955,50.2889,297.0201,
608,0.6335183000010147,633.5183000010147,1,SET 1,202,7,629.0264,271.5589,47.4883,295.7795,
609,0.6270825999999943,627.0825999999943,1,SET 1,202,7,624.268,260.0811,46.0746,304.434,
610,0.6301953000001959,630.1953000001959,1,SET 1,202,7,626.8032,270.0656,46.6458,293.2415,
611,0.6292171999994025,629.2171999994025,1,SET 1,202,7,625.947,261.6779,49.2518,301.1982,
612,0.6245022999992216,624.5022999992216,1,SET 1,202,7,619.3218,257.3196,47.9913,296.8566,
613,0.6237262000013288,623.7262000013288,1,SET 1,202,7,621.3894,264.5591,48.3749,295.4551,
614,0.6135838000009244,613.5838000009244,1,SET 1,202,7,609.2489,246.4119,50.7598,301.9706,
615,0.6208838000002288,620.8838000002288,1,SET 1,202,7,617.7294,254.673,45.745,307.0164,
616,0.6322990999997273,632.2990999997273,1,SET 1,202,7,629.5461,272.0323,48.7463,291.7091,
617,0.5974519000010332,597.4519000010332,1,SET 1,202,7,593.6359,231.6613,49.8652,295.1561,
618,0.6428687999996328,642.8687999996328,1,SET 1,202,7,639.4177,280.5451,48.9187,297.2274,
619,0.6236886000006052,623.6886000006052,1,SET 1,202,7,620.3842,257.5742,48.6636,298.3474,
620,0.6485877000013716,648.5877000013716,1,SET 1,202,7,644.1703,283.5012,50.8324,295.138,
621,0.6279152999995858,627.9152999995858,1,SET 1,202,7,623.6209,260.9664,49.0063,298.9403,
622,0.6335591999995813,633.5591999995813,1,SET 1,202,7,628.325,269.0263,50.7582,296.485,
623,0.6489485000001878,648.9485000001878,1,SET 1,202,7,645.1585,275.9433,51.518,304.1365,
624,0.6297099000003072,629.7099000003072,1,SET 1,202,7,626.4044,268.563,50.2424,286.4586,
625,0.5968714999999065,596.8714999999065,1,SET 1,202,7,593.8121,231.4536,49.4413,298.6704,
626,0.6348729000001185,634.8729000001185,1,SET 1,202,7,632.0839,272.3373,51.8211,291.7461,
627,0.6334999000009702,633.4999000009702,1,SET 1,202,7,629.9226,270.07,51.6189,296.1094,
628,0.632687100000112,632.687100000112,1,SET 1,202,7,627.5965,263.0216,50.6763,294.7363,
629,0.6366615999995702,636.6615999995702,1,SET 1,202,7,632.4251,267.0204,51.036,298.4902,
630,0.5668368999995437,566.8368999995437,1,SET 1,202,7,562.6842,195.5506,47.7262,308.5805,
631,0.6096354000001156,609.6354000001156,1,SET 1,202,7,606.8373,241.9956,49.7596,303.8045,
632,0.618548099999316,618.548099999316,1,SET 1,202,7,615.3723,256.5639,51.4268,297.9639,
633,0.6387144000000262,638.7144000000262,1,SET 1,202,7,634.5604,261.7749,46.8473,311.0188,
634,0.6151566999997158,615.1566999997158,1,SET 1,202,7,611.3473,240.7163,49.9961,298.501,
635,0.6383363000004465,638.3363000004465,1,SET 1,202,7,634.5659,274.3549,49.8236,296.4142,
636,0.6429607999998552,642.9607999998552,1,SET 1,202,7,637.7751,266.723,51.1254,294.4074,
637,0.6386935999998968,638.6935999998968,1,SET 1,202,7,633.7585,266.3217,47.1405,298.8511,
638,0.6369649999996909,636.9649999996909,1,SET 1,202,7,631.4412,262.9199,51.3911,303.2361,
639,0.6515808000003744,651.5808000003744,1,SET 1,202,7,646.8857,269.3383,47.1585,312.2867,
640,0.6355084999995597,635.5084999995597,1,SET 1,202,7,629.4445,267.8332,50.8115,298.3771,
641,0.6469299000000319,646.9299000000319,1,SET 1,202,7,640.7524,278.93,49.9844,289.8009,
642,0.6291999999994005,629.1999999994005,1,SET 1,202,7,623.8118,254.2386,51.1731,301.7461,
643,0.6261180999990756,626.1180999990756,1,SET 1,202,7,623.1922,264.4128,51.0623,293.6532,
644,0.6206211000007897,620.6211000007897,1,SET 1,202,7,617.7811,259.1356,52.2349,294.986,
645,0.6203624999998283,620.3624999998283,1,SET 1,202,7,616.8506,255.2003,50.5773,296.4647,
646,0.6254329999992478,625.4329999992478,1,SET 1,202,7,622.1514,262.8174,50.4257,295.1157,
647,0.619382000000769,619.382000000769,1,SET 1,202,7,615.7394,254.5061,50.0422,296.2315,
648,0.6258300000008603,625.8300000008603,1,SET 1,202,7,623.5883,263.075,51.6051,288.9421,
649,0.6106237999993027,610.6237999993027,1,SET 1,202,7,607.2961,246.5264,49.4711,300.5949,
650,0.6214717000002565,621.4717000002565,1,SET 1,202,7,619.395,260.08,50.4398,294.8044,
651,0.6216421999997692,621.6421999997692,1,SET 1,202,7,617.3745,253.4317,51.9278,295.3023,
652,0.6241026000006968,624.1026000006968,1,SET 1,202,7,620.7514,256.1865,51.2832,300.1421,
653,0.6439895000003162,643.9895000003162,1,SET 1,202,7,640.1993,271.6968,50.4428,305.0108,
654,0.6468966000011278,646.8966000011278,1,SET 1,202,7,641.5231,278.943,49.3721,299.4423,
655,0.6348383000004105,634.8383000004105,1,SET 1,202,7,631.7386,272.6294,46.0494,286.7288,
656,0.6336775999989186,633.6775999989186,1,SET 1,202,7,630.7446,268.7353,48.6093,295.902,
657,0.6265259999981936,626.5259999981936,1,SET 1,202,7,621.9524,262.6058,50.4115,298.7818,
658,0.6439635000006092,643.9635000006092,1,SET 1,202,7,640.5837,276.1222,48.9864,301.0237,
659,0.6343426000003092,634.3426000003092,1,SET 1,202,7,628.6851,265.178,51.6924,298.5571,
660,0.6429557999999815,642.9557999999815,1,SET 1,202,7,637.9432,278.3319,51.9375,293.8967,
661,0.628136600000289,628.136600000289,1,SET 1,202,7,623.6767,262.3009,50.8769,295.1942,
662,0.6299166000007972,629.9166000007972,1,SET 1,202,7,624.7489,259.4776,53.3188,302.6312,
663,0.6375213999999687,637.5213999999687,1,SET 1,202,7,632.5542,271.0643,50.2776,296.7953,
664,0.6239746999999625,623.9746999999625,1,SET 1,202,7,620.6662,262.2092,52.492,294.9457,
665,0.6409570000014355,640.9570000014355,1,SET 1,202,7,638.218,267.871,50.06,309.5712,
666,0.6434617000013532,643.4617000013532,1,SET 1,202,7,640.9027,276.7229,53.7648,291.8814,
667,0.6290945000000647,629.0945000000647,1,SET 1,202,7,625.5387,262.2047,50.6623,298.3601,
668,0.6164112999995268,616.4112999995268,1,SET 1,202,7,612.4779,254.0478,50.5821,290.5426,
669,0.6214905999986513,621.4905999986513,1,SET 1,202,7,618.9261,259.1707,52.7798,295.1379,
670,0.6168653000004269,616.8653000004269,1,SET 1,202,7,613.3011,253.856,47.6793,298.0933,
671,0.6115952999989531,611.5952999989531,1,SET 1,202,7,607.8851,239.7846,52.0113,302.5234,
672,0.6072347999997874,607.2347999997874,1,SET 1,202,7,604.7686,249.4254,48.3272,292.0053,
673,0.5987762000004295,598.7762000004295,1,SET 1,202,7,595.0563,234.1307,50.4349,296.7177,
674,0.6087635999992926,608.7635999992926,1,SET 1,202,7,605.7568,246.9293,52.4088,291.7724,
675,0.61374590000014,613.74590000014,1,SET 1,202,7,609.897,247.3218,51.2036,300.3088,
676,0.6066047999993316,606.6047999993316,1,SET 1,202,7,603.7573,241.5797,50.4596,294.3537,
677,0.6112585000009858,611.2585000009858,1,SET 1,202,7,605.6063,245.5136,49.5484,295.2364,
678,0.6197319999992033,619.7319999992033,1,SET 1,202,7,617.0922,249.0688,49.2435,301.0641,
679,0.6271829999986949,627.1829999986949,1,SET 1,202,7,622.723,263.8937,49.2239,296.5058,
680,0.6064112999993085,606.4112999993085,1,SET 1,202,7,602.8322,243.8903,49.5832,296.3841,
681,0.5810371000006853,581.0371000006853,1,SET 1,202,7,576.6878,212.5139,48.5346,301.9217,
682,0.6103975999994873,610.3975999994873,1,SET 1,202,7,607.0081,238.1476,54.8046,297.5682,
683,0.6288709999989806,628.8709999989806,1,SET 1,202,7,624.7342,259.6506,51.6442,289.8131,
684,0.605734199998551,605.734199998551,1,SET 1,202,7,601.4386,234.7136,52.0975,304.1548,
685,0.6264922000009392,626.4922000009392,1,SET 1,202,7,623.2423,254.4049,52.3427,302.2669,
686,0.6178916999997455,617.8916999997455,1,SET 1,202,7,615.3633,254.7899,50.2242,293.8853,
687,0.6068012000014278,606.8012000014278,1,SET 1,202,7,603.3844,237.3372,52.6801,300.2838,
688,0.6125088999997388,612.5088999997388,1,SET 1,202,7,610.1134,235.9931,53.4218,309.7276,
689,0.6196636999993643,619.6636999993643,1,SET 1,202,7,615.195,252.4143,50.7629,300.9943,
690,0.6304564000001847,630.4564000001847,1,SET 1,202,7,625.6279,259.6318,50.3501,299.4686,
691,0.6289814000010665,628.9814000010665,1,SET 1,202,7,625.5435,252.7583,53.5882,310.5765,
692,0.6351254000001063,635.1254000001063,1,SET 1,202,7,629.5967,264.5342,51.8468,303.0753,
693,0.6241309999986697,624.1309999986697,1,SET 1,202,7,619.8878,258.2357,51.9428,296.6563,
694,0.620173799999975,620.173799999975,1,SET 1,202,7,618.2476,256.1916,48.6656,293.2405,
695,0.6268789999994624,626.8789999994624,1,SET 1,202,7,624.0742,257.6272,51.3742,302.3485,
696,0.6157859000013559,615.7859000013559,1,SET 1,202,7,613.4692,250.7373,49.6434,294.0155,
697,0.61028670000087,610.28670000087,1,SET 1,202,7,606.9059,240.3758,51.6554,300.2628,
698,0.6185007000003679,618.5007000003679,1,SET 1,202,7,614.6296,255.3932,48.0822,295.3456,
699,0.6106001000007382,610.6001000007382,1,SET 1,202,7,605.9996,244.3089,51.293,295.8934,
700,0.610494500000641,610.494500000641,1,SET 1,202,7,605.7365,236.071,50.683,297.9704,
701,0.6092188000002352,609.2188000002352,1,SET 1,202,7,604.5859,244.604,48.9858,295.6036,
702,0.6043196999999054,604.3196999999054,1,SET 1,202,7,601.1536,248.0212,51.483,289.2317,
703,0.6323988000003737,632.3988000003737,1,SET 1,202,7,627.9539,266.2224,49.3703,294.2848,
704,0.6156850000006671,615.6850000006671,1,SET 1,202,7,612.4036,245.8093,49.8748,304.2011,
705,0.6380693999999494,638.0693999999494,1,SET 1,202,7,633.3788,271.8781,50.6249,297.6819,
706,0.617710000000443,617.710000000443,1,SET 1,202,7,614.1553,257.5578,50.8541,294.4055,
707,0.6274867999982234,627.4867999982234,1,SET 1,202,7,621.1448,263.5975,50.9318,299.9561,
708,0.6180070999998861,618.0070999998861,1,SET 1,202,7,613.4837,250.684,50.0549,296.9738,
709,0.6211134999994101,621.1134999994101,1,SET 1,202,7,618.7558,256.4227,50.8216,296.0604,
710,0.6245534999998199,624.5534999998199,1,SET 1,202,7,619.333,258.9027,51.0895,294.2656,
711,0.6374090000008437,637.4090000008437,1,SET 1,202,7,633.2195,269.4987,50.1006,299.8572,
712,0.6363847000011447,636.3847000011447,1,SET 1,202,7,632.8226,263.3266,51.1824,298.4961,
713,0.6323735999994824,632.3735999994824,1,SET 1,202,7,627.6561,264.8603,50.9261,298.5866,
714,0.6409680000015214,640.9680000015214,1,SET 1,202,7,638.2077,271.0876,49.166,301.3767,
715,0.6370366999999533,637.0366999999533,1,SET 1,202,7,634.2515,271.2728,49.6825,293.8164,
716,0.6272396000003937,627.2396000003937,1,SET 1,202,7,622.6899,249.1995,52.8498,304.8309,
717,0.6449216999990313,644.9216999990313,1,SET 1,202,7,641.7939,262.5897,51.6844,311.745,
718,0.6336078000003909,633.6078000003909,1,SET 1,202,7,630.1904,272.3647,48.5587,290.6133,
719,0.6247408999988693,624.7408999988693,1,SET 1,202,7,622.3321,258.7828,50.6895,299.0775,
720,0.6150588000000425,615.0588000000425,1,SET 1,202,7,611.476,241.7811,50.0488,306.0391,
721,0.6271414000002551,627.1414000002551,1,SET 1,202,7,622.5564,261.3637,50.0415,299.9311,
722,0.6380654000004142,638.0654000004142,1,SET 1,202,7,635.8528,277.0227,47.6799,297.6487,
723,0.6153384000008373,615.3384000008373,1,SET 1,202,7,611.677,248.8977,47.6781,301.5843,
724,0.5811506999998528,581.1506999998528,1,SET 1,202,7,576.7908,215.1955,51.4331,299.6865,
725,0.5778551999992487,577.8551999992487,1,SET 1,202,7,574.3188,215.2584,48.2013,301.4404,
726,0.5621076000006724,562.1076000006724,1,SET 1,202,7,559.1784,192.8811,51.4918,305.9309,
727,0.5541657000012492,554.1657000012492,1,SET 1,202,7,550.5669,177.963,52.3077,308.5644,
728,0.5578009000000748,557.8009000000748,1,SET 1,202,7,554.8952,182.1454,49.8032,310.7882,
729,0.5688093999997363,568.8093999997363,1,SET 1,202,7,564.4434,197.1001,51.7377,306.1023,
730,0.5760802000004333,576.0802000004333,1,SET 1,202,7,572.1221,205.6097,50.5987,305.6715,
731,0.6171445999989373,617.1445999989373,1,SET 1,202,7,614.5627,249.4988,51.1658,298.2615,
732,0.6127176999998483,612.7176999998483,1,SET 1,202,7,609.0169,255.0561,46.4446,295.1199,
733,0.6332091000003857,633.2091000003857,1,SET 1,202,7,628.4728,271.9952,49.3051,295.6341,
734,0.6282587000005151,628.2587000005151,1,SET 1,202,7,624.6981,264.7904,49.5387,295.8783,
735,0.6193753000006836,619.3753000006836,1,SET 1,202,7,614.8477,256.8919,49.9542,297.6567,
736,0.6242311999994854,624.2311999994854,1,SET 1,202,7,621.4788,263.1811,51.3435,296.295,
737,0.6086310999999114,608.6310999999114,1,SET 1,202,7,605.8365,249.7513,48.688,292.537,
738,0.6133891000008589,613.3891000008589,1,SET 1,202,7,610.3363,253.9735,48.5085,293.3675,
739,0.6254902000000584,625.4902000000584,1,SET 1,202,7,621.4625,265.2567,44.5626,290.5418,
740,0.6279673999997613,627.9673999997613,1,SET 1,202,7,624.9561,265.2308,48.3883,299.2928,
741,0.6191689999996015,619.1689999996015,1,SET 1,202,7,613.933,260.2231,49.0755,293.2505,
742,0.5995304000007309,599.5304000007309,1,SET 1,202,7,596.3495,241.2173,46.7945,291.669,
743,0.6423895999996603,642.3895999996603,1,SET 1,202,7,638.6272,273.703,50.3402,301.1407,
744,0.6422112000000197,642.2112000000197,1,SET 1,202,7,638.7848,278.6297,50.3033,295.459,
745,0.6031540000003588,603.1540000003588,1,SET 1,202,7,598.9952,233.2376,50.8742,304.0622,
746,0.6419961000010517,641.9961000010517,1,SET 1,202,7,638.5519,272.526,51.5708,300.6486,
747,0.6364739000000554,636.4739000000554,1,SET 1,202,7,633.3748,268.2363,50.5142,299.5177,
748,0.6146769000006316,614.6769000006316,1,SET 1,202,7,610.9075,250.5296,50.2862,299.3092,
749,0.6401450000012119,640.1450000012119,1,SET 1,202,7,636.9908,269.1125,54.3767,292.2332,
750,0.6107546999992337,610.7546999992337,1,SET 1,202,7,608.37,249.7009,48.8256,293.7379,
751,0.5877136999988579,587.7136999988579,1,SET 1,202,7,584.0333,224.2493,48.3753,300.1231,
752,0.5974360000000161,597.4360000000161,1,SET 1,202,7,593.2791,229.0034,47.442,309.2001,
753,0.6181388000004517,618.1388000004517,1,SET 1,202,7,613.2643,256.7561,48.7035,296.4994,
754,0.6032151999988855,603.2151999988855,1,SET 1,202,7,598.6533,235.0156,51.0073,304.437,
755,0.5742542000007234,574.2542000007234,1,SET 1,202,7,570.5061,206.1049,50.1948,305.264,
756,0.6210320999998657,621.0320999998657,1,SET 1,202,7,616.1338,252.9654,51.2798,298.0524,
757,0.6236450000014884,623.6450000014884,1,SET 1,202,7,619.9849,259.9639,52.4257,298.032,
758,0.6324855000002572,632.4855000002572,1,SET 1,202,7,629.925,271.8024,52.5032,299.6172,
759,0.6365961000010429,636.5961000010429,1,SET 1,202,7,632.4236,266.7992,51.5244,298.5698,
760,0.6075007999988884,607.5007999988884,1,SET 1,202,7,604.581,241.5752,50.8571,299.5066,
761,0.624791300000652,624.791300000652,1,SET 1,202,7,622.0034,259.3761,50.1898,303.3628,
762,0.6351086999984545,635.1086999984545,1,SET 1,202,7,631.6314,267.8349,51.2797,302.4887,
763,0.618133800000578,618.133800000578,1,SET 1,202,7,615.043,238.6279,53.0133,309.5011,
764,0.629922499998429,629.922499998429,1,SET 1,202,7,627.4049,264.247,48.3703,294.9598,
765,0.6218509999998787,621.8509999998787,1,SET 1,202,7,618.1607,259.1052,50.9458,299.7165,
766,0.627121100000295,627.121100000295,1,SET 1,202,7,624.4495,260.9666,50.6229,299.0935,
767,0.6333355999995547,633.3355999995547,1,SET 1,202,7,628.355,269.3887,50.4362,297.8191,
768,0.6122591999992437,612.2591999992437,1,SET 1,202,7,610.6719,249.494,52.4625,295.6595,
769,0.6366500000003725,636.6500000003725,1,SET 1,202,7,630.8005,269.3274,52.1113,300.2488,
770,0.6326442999998108,632.6442999998108,1,SET 1,202,7,628.5233,269.2151,51.1395,299.9619,
771,0.5926928999997472,592.6928999997472,1,SET 1,202,7,588.2299,226.8248,51.9914,295.5676,
772,0.6347004999988712,634.7004999988712,1,SET 1,202,7,630.9706,270.7646,51.4152,300.3081,
773,0.6162242000009428,616.2242000009428,1,SET 1,202,7,611.6493,250.6846,47.5971,298.8753,
774,0.6359849000000395,635.9849000000395,1,SET 1,202,7,631.8276,269.3079,52.2925,295.3044,
775,0.6476390000007086,647.6390000007086,1,SET 1,202,7,642.6491,276.6055,53.1194,299.2067,
776,0.6126660000008997,612.6660000008997,1,SET 1,202,7,608.5179,245.9636,52.5849,297.746,
777,0.6419652000004135,641.9652000004135,1,SET 1,202,7,638.6097,279.5588,49.2888,293.6537,
778,0.6180512999999337,618.0512999999337,1,SET 1,202,7,615.2228,254.1331,48.6407,296.2693,
779,0.6141576999998506,614.1576999998506,1,SET 1,202,7,609.6599,250.7087,50.4949,296.7203,
780,0.6313439999994443,631.3439999994443,1,SET 1,202,7,627.8878,270.1054,51.8235,294.983,
781,0.6196177000001626,619.6177000001626,1,SET 1,202,7,616.7509,254.0837,50.3913,299.872,
782,0.6301015999997617,630.1015999997617,1,SET 1,202,7,626.1152,266.132,51.1655,298.1969,
783,0.6204149000004691,620.4149000004691,1,SET 1,202,7,616.2142,258.1337,51.8609,296.0991,
784,0.5941165000003821,594.1165000003821,1,SET 1,202,7,590.1229,230.6101,50.5229,298.2051,
785,0.6437566999993578,643.7566999993578,1,SET 1,202,7,640.2777,279.4184,51.5749,299.628,
786,0.624372599999333,624.372599999333,1,SET 1,202,7,621.6614,258.9678,51.1428,297.6202,
787,0.6190996000004816,619.0996000004816,1,SET 1,202,7,616.5424,255.6931,50.3878,301.5943,
788,0.6299533000001247,629.9533000001247,1,SET 1,202,7,626.1019,264.4758,50.9182,299.5303,
789,0.6238659999999072,623.8659999999072,1,SET 1,202,7,620.4346,255.9912,52.8132,295.0334,
790,0.6258519000002707,625.8519000002707,1,SET 1,202,7,622.0154,260.555,48.9381,294.6226,
791,0.6320081000012578,632.0081000012578,1,SET 1,202,7,628.5266,266.082,51.8259,295.9781,
792,0.5958027999986371,595.802799998637,1,SET 1,202,7,593.3546,235.2453,49.0461,288.1093,
793,0.6325222999985272,632.5222999985272,1,SET 1,202,7,629.3045,265.8672,53.7823,295.3895,
794,0.6307753999990382,630.7753999990382,1,SET 1,202,7,626.4987,270.8868,48.3605,292.7749,
795,0.6365537000001495,636.5537000001495,1,SET 1,202,7,632.0164,275.6575,51.0017,287.2675,
796,0.6268680999983189,626.8680999983189,1,SET 1,202,7,622.6278,261.785,51.7462,302.0186,
797,0.6025143999995635,602.5143999995635,1,SET 1,202,7,598.0804,232.6108,49.5235,304.586,
798,0.6244745000003604,624.4745000003604,1,SET 1,202,7,619.3269,250.3566,53.6419,298.9865,
799,0.6367000999998709,636.7000999998709,1,SET 1,202,7,630.6794,265.7608,51.2796,298.7676,
800,0.6235326000005443,623.5326000005443,1,SET 1,202,7,620.6207,249.3134,49.2257,301.3718,
801,0.6429879999996047,642.9879999996047,1,SET 1,202,7,639.7361,272.016,48.6826,305.9204,
802,0.6154597000004287,615.4597000004287,1,SET 1,202,7,612.5662,255.2363,48.9085,301.366,
803,0.6442929000004369,644.2929000004369,1,SET 1,202,7,639.4224,270.0047,47.2102,307.4753,
804,0.6194549000010738,619.4549000010738,1,SET 1,202,7,614.855,248.6958,49.0938,300.7737,
805,0.5972099999999045,597.2099999999045,1,SET 1,202,7,592.1403,232.8221,49.1901,293.1577,
806,0.6040265999999974,604.0265999999974,1,SET 1,202,7,600.816,247.9556,51.7552,290.6886,
807,0.6159104999987903,615.9104999987903,1,SET 1,202,7,612.6014,252.4338,50.1968,287.3701,
808,0.6229511000001366,622.9511000001366,1,SET 1,202,7,619.3389,261.2355,49.4034,293.3473,
809,0.6151143999995838,615.1143999995838,1,SET 1,202,7,611.1481,254.742,50.3004,288.7569,
810,0.6020853999998508,602.0853999998508,1,SET 1,202,7,599.4063,247.0585,47.8686,295.4866,
811,0.6098190000011527,609.8190000011527,1,SET 1,202,7,607.2708,247.9621,50.8304,292.6023,
812,0.6175799000011466,617.5799000011466,1,SET 1,202,7,613.4098,251.9757,51.3552,296.3501,
813,0.6079344000008859,607.934400000886,1,SET 1,202,7,605.1222,247.8879,49.8241,299.1416,
814,0.6319537999988825,631.9537999988825,1,SET 1,202,7,628.7446,270.9489,47.6001,291.2552,
815,0.6115906000013638,611.5906000013638,1,SET 1,202,7,608.7356,247.4978,49.4323,298.2665,
816,0.6263176000011299,626.3176000011299,1,SET 1,202,7,623.1106,261.3165,50.82,295.6488,
817,0.6345895000013115,634.5895000013115,1,SET 1,202,7,631.6939,273.0275,51.2886,301.874,
818,0.5910948000000644,591.0948000000644,1,SET 1,202,7,586.5772,229.064,47.2205,293.307,
819,0.63323759999912,633.23759999912,1,SET 1,202,7,631.408,269.5123,50.0144,299.1396,
820,0.6216326000012486,621.6326000012486,1,SET 1,202,7,618.4751,263.2078,48.1316,291.3462,
821,0.6210652000008849,621.0652000008849,1,SET 1,202,7,616.9728,259.4687,48.726,292.6967,
822,0.619562699999733,619.562699999733,1,SET 1,202,7,614.5577,254.8101,49.463,297.7162,
823,0.6008850999987772,600.8850999987772,1,SET 1,202,7,596.1925,236.4145,50.4703,299.5526,
824,0.6332445999996708,633.2445999996708,1,SET 1,202,7,629.8308,271.1144,51.576,290.2838,
825,0.6372592000006989,637.2592000006989,1,SET 1,202,7,634.0991,276.9936,50.3886,292.4272,
826,0.6216330999995989,621.6330999995989,1,SET 1,202,7,617.3199,259.196,50.2248,295.905,
827,0.6226987999998528,622.6987999998528,1,SET 1,202,7,618.6184,261.001,51.1778,296.6553,
828,0.617711100001543,617.711100001543,1,SET 1,202,7,615.282,255.0185,50.1488,297.6918,
829,0.6198423999994702,619.8423999994702,1,SET 1,202,7,617.19,258.5341,49.6193,295.1969,
830,0.6185129999994388,618.5129999994388,1,SET 1,202,7,614.4478,251.6786,51.1399,297.6917,
831,0.6000511000002007,600.0511000002007,1,SET 1,202,7,595.8697,237.861,49.9792,295.3132,
832,0.6341424000002007,634.1424000002007,1,SET 1,202,7,629.6371,271.6337,49.9813,295.37,
833,0.6028215999995155,602.8215999995155,1,SET 1,202,7,599.7733,237.666,50.0244,303.6285,
834,0.6289090999998734,628.9090999998734,1,SET 1,202,7,625.0281,260.4157,48.7303,298.2204,
835,0.6324304999998276,632.4304999998276,1,SET 1,202,7,628.5221,265.0257,51.4207,301.928,
836,0.6097965000008116,609.7965000008116,1,SET 1,202,7,605.6354,242.0352,51.125,290.7102,
837,0.626490399999966,626.490399999966,1,SET 1,202,7,623.8597,260.8408,52.3075,294.2298,
838,0.6309345000008761,630.9345000008761,1,SET 1,202,7,626.5338,265.9922,48.3323,293.07,
839,0.6290472000000591,629.0472000000591,1,SET 1,202,7,625.3604,261.2986,51.5864,299.7139,
840,0.6042588000000251,604.2588000000251,1,SET 1,202,7,601.0295,238.9519,48.7258,301.491,
841,0.6179541999990761,617.9541999990761,1,SET 1,202,7,613.3272,249.8519,49.9081,300.2381,
842,0.6207457000000431,620.7457000000431,1,SET 1,202,7,615.8167,253.1755,50.8394,299.8521,
843,0.6274360999996134,627.4360999996134,1,SET 1,202,7,623.4608,262.7599,50.0219,295.4072,
844,0.6017568000006577,601.7568000006577,1,SET 1,202,7,597.0949,230.9435,50.4663,300.914,
845,0.6386969999985013,638.6969999985013,1,SET 1,202,7,635.7856,272.1714,51.7062,299.3947,
846,0.6336404000012408,633.6404000012408,1,SET 1,202,7,630.0379,263.5448,53.7782,304.1917,
847,0.616596900001241,616.596900001241,1,SET 1,202,7,612.4689,252.7869,50.0403,295.7753,
848,0.633516600000803,633.516600000803,1,SET 1,202,7,629.3335,268.6481,51.8911,300.8204,
849,0.6056065000011586,605.6065000011586,1,SET 1,202,7,602.2779,245.9365,50.347,292.8631,
850,0.6287637000004906,628.7637000004906,1,SET 1,202,7,625.082,262.1394,51.4148,303.3491,
851,0.6260469000008015,626.0469000008015,1,SET 1,202,7,622.1094,261.4005,50.3749,299.72,
852,0.6220432999998593,622.0432999998593,1,SET 1,202,7,618.2982,261.434,51.1956,292.8415,
853,0.61787970000114,617.87970000114,1,SET 1,202,7,614.8965,255.6008,47.9885,297.0555,
854,0.6027588000015385,602.7588000015385,1,SET 1,202,7,599.0522,240.0325,49.06,296.4769,
855,0.6428161000003456,642.8161000003456,1,SET 1,202,7,638.4845,279.578,50.9172,297.9871,
856,0.6365457000010792,636.5457000010792,1,SET 1,202,7,631.8588,271.2498,47.0552,300.6987,
857,0.6018941999991512,601.8941999991512,1,SET 1,202,7,597.4753,231.78,52.2249,302.4828,
858,0.6351069000011194,635.1069000011194,1,SET 1,202,7,632.7058,274.6746,50.7895,292.5079,
859,0.6264804000002187,626.4804000002187,1,SET 1,202,7,622.8302,261.3881,51.8682,301.6959,
860,0.628866700000799,628.866700000799,1,SET 1,202,7,626.251,264.0982,50.6746,294.6578,
861,0.6369459999987157,636.9459999987157,1,SET 1,202,7,633.2914,272.5163,49.7762,295.011,
862,0.5935774999998102,593.5774999998102,1,SET 1,202,7,591.2108,230.5186,50.1321,299.0027,
863,0.6331637999992381,633.1637999992381,1,SET 1,202,7,629.4625,266.1086,53.0878,299.1945,
864,0.6290854999988369,629.0854999988369,1,SET 1,202,7,624.6665,265.5123,52.5688,294.59,
865,0.606887199999619,606.887199999619,1,SET 1,202,7,601.9679,242.9475,51.0565,296.6282,
866,0.6285420000003796,628.5420000003796,1,SET 1,202,7,626.6221,268.4171,50.0537,296.9778,
867,0.6247758999998041,624.7758999998041,1,SET 1,202,7,619.9571,259.5942,50.2208,297.5426,
868,0.6347271999984514,634.7271999984514,1,SET 1,202,7,631.1906,269.2521,50.986,296.2517,
869,0.6502106999996613,650.2106999996613,1,SET 1,202,7,646.9781,287.3023,49.6362,289.1193,
870,0.5992874999992637,599.2874999992637,1,SET 1,202,7,595.9153,234.6891,49.8227,301.7553,
871,0.6257638999995834,625.7638999995834,1,SET 1,202,7,622.5686,263.9175,48.4421,300.3669,
872,0.624276500000633,624.276500000633,1,SET 1,202,7,621.0232,264.2071,50.6316,294.4318,
873,0.6153085999994801,615.3085999994801,1,SET 1,202,7,611.9242,253.401,50.1435,301.2342,
874,0.6214288999999553,621.4288999999553,1,SET 1,202,7,617.1536,260.046,49.2941,292.4409,
875,0.5999237000014546,599.9237000014546,1,SET 1,202,7,596.9798,239.362,47.8232,296.3504,
876,0.634003400000438,634.003400000438,1,SET 1,202,7,628.7643,269.7248,49.1044,299.9762,
877,0.631031000000803,631.031000000803,1,SET 1,202,7,627.627,261.7077,48.7158,302.1006,
878,0.6243126000008488,624.3126000008488,1,SET 1,202,7,620.5637,258.4001,51.6117,303.0387,
879,0.6216194999997242,621.6194999997242,1,SET 1,202,7,619.7173,257.4353,52.5417,293.9862,
880,0.5993194000002404,599.3194000002404,1,SET 1,202,7,594.2152,233.4262,46.9015,302.4071,
881,0.6347120999998879,634.7120999998879,1,SET 1,202,7,633.1727,270.4522,45.1304,299.4,
882,0.5850676999998541,585.0676999998541,1,SET 1,202,7,581.1455,220.509,49.9338,292.0015,
883,0.6151268000012351,615.1268000012351,1,SET 1,202,7,610.8111,250.1403,48.9916,301.2369,
884,0.6267354999999952,626.7354999999952,1,SET 1,202,7,622.8011,262.2697,48.7323,298.0471,
885,0.5984133999991172,598.4133999991172,1,SET 1,202,7,594.9783,231.1551,51.5507,297.705,
886,0.6253572000005079,625.3572000005079,1,SET 1,202,7,622.3311,260.9663,52.4969,299.8832,
887,0.6334393000015552,633.4393000015552,1,SET 1,202,7,630.4689,268.3615,51.3196,299.5363,
888,0.593978299999435,593.978299999435,1,SET 1,202,7,590.0421,228.5628,49.7773,291.8543,
889,0.6273244000003615,627.3244000003615,1,SET 1,202,7,623.7816,263.9877,48.378,301.4114,
890,0.6045690000009927,604.5690000009927,1,SET 1,202,7,600.0311,242.8325,49.6881,294.0309,
891,0.6323856999988493,632.3856999988493,1,SET 1,202,7,628.8756,269.6252,47.0203,297.3071,
892,0.6141896999997698,614.1896999997698,1,SET 1,202,7,611.0938,251.6294,49.0468,299.2742,
893,0.6182532000002539,618.2532000002539,1,SET 1,202,7,614.8725,254.0234,51.7626,297.8754,
894,0.6310573999999178,631.0573999999178,1,SET 1,202,7,627.6117,266.7916,50.6293,300.7526,
895,0.6173999000002368,617.3999000002368,1,SET 1,202,7,613.757,255.9485,50.4619,297.2645,
896,0.6117410000006203,611.7410000006203,1,SET 1,202,7,608.9602,250.8251,49.4791,293.8297,
897,0.6239167999992787,623.9167999992787,1,SET 1,202,7,621.5246,261.2063,52.3211,294.8253,
898,0.610929299999043,610.929299999043,1,SET 1,202,7,607.485,247.2787,49.6546,300.0919,
899,0.6145209000005707,614.5209000005707,1,SET 1,202,7,611.4486,247.5907,53.6261,294.5704,
900,0.6335775999996258,633.5775999996258,1,SET 1,202,7,630.668,267.9903,50.4442,297.3053,
901,0.5783776999996917,578.3776999996917,1,SET 1,202,7,575.2395,211.3226,50.28,299.1421,
902,0.6104943000009371,610.4943000009371,1,SET 1,202,7,607.1717,249.7178,49.98,296.8581,
903,0.6331991999995807,633.1991999995807,1,SET 1,202,7,629.0311,266.6988,51.267,294.3273,
904,0.6410453000007692,641.0453000007692,1,SET 1,202,7,637.7867,280.1016,47.0595,290.0623,
905,0.6124695999988035,612.4695999988035,1,SET 1,202,7,609.1802,246.5798,51.5332,298.7383,
906,0.6144506000000547,614.4506000000547,1,SET 1,202,7,610.8768,252.6455,49.3989,293.4502,
907,0.633598800000982,633.598800000982,1,SET 1,202,7,628.9024,261.3786,49.713,303.9706,
908,0.6279035000006843,627.9035000006843,1,SET 1,202,7,623.893,262.032,51.1291,295.9634,
909,0.6296049000011408,629.6049000011408,1,SET 1,202,7,626.5186,257.4287,48.8659,309.9817,
910,0.6395262999994884,639.5262999994884,1,SET 1,202,7,636.7538,265.6993,51.1521,305.4141,
911,0.6442578999995021,644.2578999995021,1,SET 1,202,7,640.1785,269.963,50.3261,305.2095,
912,0.6397673999999824,639.7673999999824,1,SET 1,202,7,634.1918,264.8248,50.1849,305.0181,
913,0.6309051000007457,630.9051000007457,1,SET 1,202,7,627.3344,265.5437,52.4036,295.0412,
914,0.6294201000000612,629.4201000000612,1,SET 1,202,7,625.6069,260.8576,50.9503,298.7559,
915,0.6212743000014598,621.2743000014598,1,SET 1,202,7,617.4198,256.1201,50.8115,296.9823,
916,0.6397710999990522,639.7710999990522,1,SET 1,202,7,637.0139,273.6481,51.7766,294.3196,
917,0.6224898999989819,622.4898999989819,1,SET 1,202,7,618.6664,257.7192,49.8905,296.6845,
918,0.6259043999998539,625.9043999998539,1,SET 1,202,7,622.4383,260.018,50.5749,300.6023,
919,0.6408789999986766,640.8789999986766,1,SET 1,202,7,636.5885,270.5672,52.203,297.6831,
920,0.6413526999986061,641.3526999986061,1,SET 1,202,7,638.3061,276.0516,51.4847,296.639,
921,0.6398387999997794,639.8387999997794,1,SET 1,202,7,635.0877,270.6811,51.7557,295.7278,
922,0.6284278999992239,628.4278999992239,1,SET 1,202,7,625.3155,263.09,51.3163,298.1206,
923,0.6425390999993397,642.5390999993397,1,SET 1,202,7,638.8137,275.4911,51.4378,302.9919,
924,0.634260800001357,634.260800001357,1,SET 1,202,7,629.7198,271.3871,55.2019,291.0549,
925,0.6271222999985184,627.1222999985184,1,SET 1,202,7,623.2698,261.8761,52.2057,297.2941,
926,0.6382565999992948,638.2565999992948,1,SET 1,202,7,634.4303,272.9906,49.1558,301.2293,
927,0.6434157999992749,643.4157999992749,1,SET 1,202,7,639.5647,275.5384,49.9879,298.227,
928,0.6376460999999836,637.6460999999836,1,SET 1,202,7,633.6715,271.5662,50.8886,301.2229,
929,0.6233824999999342,623.3824999999342,1,SET 1,202,7,620.6286,254.1779,52.7058,299.7608,
930,0.630025200000091,630.025200000091,1,SET 1,202,7,626.8853,256.4489,51.4149,302.6012,
931,0.6345665999997436,634.5665999997436,1,SET 1,202,7,630.0233,262.6018,49.9489,305.5418,
932,0.636209799999051,636.209799999051,1,SET 1,202,7,632.7242,272.7907,50.3628,294.8354,
933,0.6007831000006263,600.7831000006263,1,SET 1,202,7,597.3347,230.9461,47.8501,300.8315,
934,0.619716299999709,619.716299999709,1,SET 1,202,7,615.4502,256.1288,47.5667,293.8215,
935,0.6422990999999456,642.2990999999456,1,SET 1,202,7,638.7881,279.1239,49.9107,296.7675,
936,0.6419795000001614,641.9795000001614,1,SET 1,202,7,638.3884,261.5042,55.3862,309.5181,
937,0.6440519999996468,644.0519999996468,1,SET 1,202,7,641.0887,266.5587,50.1602,310.0716,
938,0.6126236000000063,612.6236000000063,1,SET 1,202,7,608.0238,250.6075,47.4141,296.6188,
939,0.6198943999988842,619.8943999988842,1,SET 1,202,7,616.9766,259.6564,47.3108,295.8698,
940,0.6353862000014487,635.3862000014487,1,SET 1,202,7,632.3271,271.9771,49.0723,293.4503,
941,0.6174080000000686,617.4080000000686,1,SET 1,202,7,612.6638,249.4362,50.9529,293.165,
942,0.6366216999995231,636.6216999995231,1,SET 1,202,7,633.6822,273.1687,51.5672,297.4929,
943,0.6303264999987732,630.3264999987732,1,SET 1,202,7,625.6621,264.3667,51.9178,295.4408,
944,0.6173244000001432,617.3244000001432,1,SET 1,202,7,613.6073,256.3892,49.156,293.4368,
945,0.6313215999998647,631.3215999998647,1,SET 1,202,7,627.8585,266.0964,51.072,296.7392,
946,0.6042851000001974,604.2851000001974,1,SET 1,202,7,601.8248,239.0288,50.8917,301.0799,
947,0.6228663000001688,622.8663000001688,1,SET 1,202,7,619.3247,261.5374,48.9728,284.559,
948,0.6380500000013853,638.0500000013853,1,SET 1,202,7,634.2718,271.6623,50.0607,295.2156,
949,0.606040499998926,606.040499998926,1,SET 1,202,7,601.6784,243.7872,50.2865,295.0154,
950,0.632577799999126,632.577799999126,1,SET 1,202,7,629.4303,266.5931,52.029,300.8045,
951,0.6200505000015255,620.0505000015255,1,SET 1,202,7,616.3528,258.5097,49.805,297.0683,
952,0.6264551000003848,626.4551000003848,1,SET 1,202,7,623.2391,262.7775,51.4845,287.4469,
953,0.6388231999990239,638.8231999990239,1,SET 1,202,7,634.5985,277.5258,51.2951,298.9448,
954,0.6206256999994366,620.6256999994366,1,SET 1,202,7,617.3735,259.8353,50.8978,296.7179,
955,0.625371099999029,625.371099999029,1,SET 1,202,7,621.4884,259.6908,49.2486,297.7504,
956,0.6390484000003198,639.0484000003198,1,SET 1,202,7,636.0207,275.0941,50.1015,294.5365,
957,0.6001594999997906,600.1594999997906,1,SET 1,202,7,595.5383,236.7101,50.4518,296.1876,
958,0.6394605999994383,639.4605999994383,1,SET 1,202,7,634.8733,273.4811,50.9995,298.8823,
959,0.6222315000013623,622.2315000013623,1,SET 1,202,7,619.5289,259.2623,50.1359,292.4696,
960,0.6320983000005072,632.0983000005072,1,SET 1,202,7,629.5785,270.645,50.432,293.8646,
961,0.6245281999999861,624.5281999999861,1,SET 1,202,7,621.2918,261.917,47.7317,296.6061,
962,0.6226853000007395,622.6853000007395,1,SET 1,202,7,619.6807,262.2522,50.1135,297.3929,
963,0.6224685999986832,622.4685999986832,1,SET 1,202,7,618.0158,259.1617,51.7818,287.2253,
964,0.6350813999997627,635.0813999997627,1,SET 1,202,7,632.0135,270.4952,52.5931,293.7016,
965,0.6207285000000411,620.7285000000411,1,SET 1,202,7,617.5605,257.4941,49.6642,295.548,
966,0.6398067000009178,639.8067000009178,1,SET 1,202,7,636.7566,275.7298,48.8791,289.1214,
967,0.6313742000002094,631.3742000002094,1,SET 1,202,7,627.7435,266.2574,51.2339,298.9176,
968,0.6318594000003941,631.8594000003941,1,SET 1,202,7,627.9807,266.0253,50.7661,293.3429,
969,0.6303514999999607,630.3514999999607,1,SET 1,202,7,627.0246,270.4382,50.062,293.3973,
970,0.6014745000011317,601.4745000011317,1,SET 1,202,7,597.8244,239.2786,49.0497,296.951,
971,0.6452977999997529,645.2977999997529,1,SET 1,202,7,640.5321,279.3814,50.6172,295.9911,
972,0.6308890000000247,630.8890000000247,1,SET 1,202,7,626.8017,268.8547,50.7846,297.9738,
973,0.6249582000000373,624.9582000000373,1,SET 1,202,7,622.218,261.7934,48.9006,290.5124,
974,0.6467173000000912,646.7173000000912,1,SET 1,202,7,643.7722,280.0938,53.8565,296.2625,
975,0.6067132000007405,606.7132000007405,1,SET 1,202,7,603.5306,242.8982,51.7606,297.5584,
976,0.6319438999998965,631.9438999998965,1,SET 1,202,7,627.7814,271.5271,50.1274,293.1482,
977,0.6438956999991206,643.8956999991206,1,SET 1,202,7,640.4778,282.1074,46.0654,297.6364,
978,0.6320636000000377,632.0636000000377,1,SET 1,202,7,628.181,264.8534,50.8418,300.3666,
979,0.6363730000011856,636.3730000011856,1,SET 1,202,7,632.8766,269.1878,51.709,302.0487,
980,0.6326877999999851,632.6877999999851,1,SET 1,202,7,627.3435,264.4123,49.5051,297.9,
981,0.6070902999999817,607.0902999999817,1,SET 1,202,7,604.8921,249.7176,49.0868,295.6236,
982,0.6104766000007658,610.4766000007658,1,SET 1,202,7,607.5926,251.7824,49.9293,287.0861,
983,0.6236217999994551,623.6217999994551,1,SET 1,202,7,618.368,256.3931,48.2564,299.1674,
984,0.6288702999991074,628.8702999991074,1,SET 1,202,7,626.0528,267.8196,49.4698,296.6732,
985,0.642006100000799,642.006100000799,1,SET 1,202,7,638.1892,280.1479,50.1398,298.9994,
986,0.5792983000010281,579.2983000010281,1,SET 1,202,7,576.4643,216.9923,50.1167,297.8779,
987,0.6327848000000813,632.7848000000813,1,SET 1,202,7,629.1979,272.1664,48.7779,288.6046,
988,0.6249760999999125,624.9760999999125,1,SET 1,202,7,622.9624,261.1262,50.0432,294.6039,
989,0.6293148999993718,629.3148999993718,1,SET 1,202,7,625.4479,262.7027,48.7023,301.5272,
990,0.635497100000066,635.497100000066,1,SET 1,202,7,630.7213,274.0005,49.783,299.2817,
991,0.6201247000008152,620.1247000008152,1,SET 1,202,7,616.3439,253.8471,46.8918,297.6623,
992,0.6321349000008922,632.1349000008922,1,SET 1,202,7,627.934,268.4883,49.7333,289.4172,
993,0.6338808000000427,633.8808000000427,1,SET 1,202,7,631.3364,266.6116,49.3672,304.9702,
994,0.5821673999998893,582.1673999998893,1,SET 1,202,7,577.3632,220.1062,48.3401,295.6581,
995,0.6461920000001555,646.1920000001555,1,SET 1,202,7,642.7996,280.8537,49.4647,294.6458,
996,0.6320242000001599,632.0242000001599,1,SET 1,202,7,629.8309,268.6854,51.0149,295.1131,
997,0.6356500000001688,635.6500000001688,1,SET 1,202,7,632.36,270.4895,50.9853,297.16,
998,0.6155319999998028,615.5319999998028,1,SET 1,202,7,612.4123,254.4783,51.3208,290.1223,
999,0.6382936999998492,638.2936999998492,1,SET 1,202,7,632.9349,269.4543,49.7032,299.1533,
1000,0.6497908000001189,649.7908000001189,1,SET 1,202,7,645.6616,281.7657,49.3386,299.448,
