trial,seconds,ms,parse_ok,prompt_tokens,output_tokens,total_ms_ollama,load_ms_ollama,prompt_eval_ms_ollama,eval_ms_ollama,error
1,0.625174300000026,625.174300000026,1,205,7,621.2649,213.2404,60.158,331.8795,
2,0.6529305000001386,652.9305000001386,1,205,7,650.6525,228.7625,61.3452,349.6461,
3,0.6353038000002016,635.3038000002016,1,205,7,632.8941,208.4219,64.3297,350.6047,
4,0.6141834000000017,614.1834000000017,1,205,7,610.8532,200.6155,59.3649,336.2667,
5,0.6296304999998483,629.6304999998483,1,205,7,625.9643,228.986,55.13,330.3962,
6,0.6940091000001303,694.0091000001303,1,205,7,690.7206,271.8823,55.8381,348.2732,
7,0.6130546000001686,613.0546000001686,1,205,7,607.6632,191.2715,62.5836,343.7857,
8,0.6492392000000109,649.2392000000109,1,205,7,645.1312,239.4628,55.5819,335.2636,
9,0.6623124999998709,662.3124999998709,1,205,7,658.0273,253.9947,59.548,333.3297,
10,0.6566609999999855,656.6609999999855,1,205,7,652.3111,236.9844,59.8068,347.4901,
11,0.6647260000002007,664.7260000002007,1,205,7,660.9023,249.265,58.7107,341.2095,
12,0.6519696000000295,651.9696000000295,1,205,7,648.6067,223.0084,60.2682,357.0782,
13,0.6507019000000582,650.7019000000582,1,205,7,646.4917,243.2903,59.8292,335.1421,
14,0.6911027999999533,691.1027999999533,1,205,7,686.2731,276.8951,57.3133,343.1457,
15,0.6487463000000844,648.7463000000844,1,205,7,645.0019,236.2314,58.9762,340.5018,
16,0.6713861999999153,671.3861999999153,1,205,7,669.3504,263.3179,60.2699,333.1231,
17,0.6807426999998825,680.7426999998825,1,205,7,676.7622,270.5282,57.4646,338.156,
18,0.6582281999999395,658.2281999999395,1,205,7,653.5781,250.2225,54.6502,332.9068,
19,0.6716691999999966,671.6691999999966,1,205,7,667.4897,257.8266,58.6888,339.0615,
20,0.6843648000001394,684.3648000001394,1,205,7,681.5822,276.433,57.1852,337.0999,
21,0.675088199999891,675.088199999891,1,205,7,671.1991,255.3494,60.4206,343.0139,
22,0.6851176000000123,685.1176000000123,1,205,7,680.247,240.2943,61.2374,367.4443,
23,0.671738699999878,671.738699999878,1,205,7,667.968,269.247,55.245,326.3405,
24,0.6738844999999856,673.8844999999856,1,205,7,670.814,265.2594,56.2489,338.4154,
25,0.6552460000000337,655.2460000000337,1,205,7,651.0223,245.2247,58.2349,339.7599,
26,0.6292003000000932,629.2003000000932,1,205,7,626.5746,226.9882,53.632,334.5592,
27,0.6287065999999868,628.7065999999868,1,205,7,624.7716,221.6521,64.4145,330.9165,
28,0.6617032999999992,661.7032999999992,1,205,7,656.9425,255.0868,56.9293,330.6162,
29,0.6709665999999288,670.9665999999288,1,205,7,667.8414,259.2084,59.254,339.7287,
30,0.6541684999999688,654.1684999999688,1,205,7,649.9469,238.6892,57.1342,341.8181,
31,0.6683272000000215,668.3272000000215,1,205,7,664.3536,244.6545,54.5782,350.0435,
32,0.678980700000011,678.980700000011,1,205,7,675.5079,234.0694,62.6659,369.3366,
33,0.6446149999999307,644.6149999999307,1,205,7,640.8021,235.7282,59.9382,330.0245,
34,0.6759010999999191,675.9010999999191,1,205,7,674.0185,266.9997,58.5598,333.986,
35,0.6765715999999884,676.5715999999884,1,205,7,671.6838,263.7416,59.7093,333.3449,
36,0.6157564999998613,615.7564999998613,1,205,7,611.2583,208.3557,55.1018,326.889,
37,0.6638010000001486,663.8010000001486,1,205,7,662.2689,259.5991,51.5786,327.7703,
38,0.6703833000001396,670.3833000001396,1,205,7,667.094,257.0275,58.2635,343.8214,
39,0.620661200000086,620.661200000086,1,205,7,617.319,217.7949,56.9652,327.5091,
40,0.6786853999999494,678.6853999999494,1,205,7,676.3291,274.6292,54.8304,328.7551,
41,0.6563068000000385,656.3068000000385,1,205,7,652.5304,238.6782,57.9712,341.7384,
42,0.6389166999999816,638.9166999999816,1,205,7,634.8132,214.7577,63.5534,343.5467,
43,0.6600621000000046,660.0621000000046,1,205,7,655.7472,254.5145,55.8794,336.0179,
44,0.6555891999998948,655.5891999998948,1,205,7,651.7078,252.5408,56.7016,324.1649,
45,0.6506336999998439,650.6336999998439,1,205,7,647.8611,248.1852,57.3368,333.4426,
46,0.6484110999999757,648.4110999999757,1,205,7,645.4144,245.9276,57.6158,331.813,
47,0.6549749000000702,654.9749000000702,1,205,7,650.9834,248.7069,56.8318,335.1938,
48,0.6642059999999219,664.2059999999219,1,205,7,660.9241,256.5938,61.4357,327.0429,
49,0.6572727999998733,657.2727999998733,1,205,7,654.8498,250.6435,57.9987,330.8875,
50,0.6678649000000405,667.8649000000405,1,205,7,664.0182,265.7341,57.2226,329.5123,
51,0.6578875000000153,657.8875000000153,1,205,7,653.8735,244.6901,57.3061,345.673,
52,0.6826857000000928,682.6857000000928,1,205,7,679.4566,261.2793,58.2105,352.5707,
53,0.6563101000001552,656.3101000001552,1,205,7,651.5065,256.4377,53.3121,331.6889,
54,0.6722403999999642,672.2403999999642,1,205,7,669.3177,270.0572,56.1951,330.6705,
55,0.6536383000000114,653.6383000000114,1,205,7,650.7905,250.4184,57.5982,330.2393,
56,0.6583737000000838,658.3737000000838,1,205,7,654.1786,262.5653,56.1524,323.9435,
57,0.6435433000001467,643.5433000001467,1,205,7,640.6908,238.718,57.3711,326.0559,
58,0.6749167000000398,674.9167000000398,1,205,7,670.9118,268.6022,57.1721,330.8014,
59,0.6560338999997839,656.0338999997839,1,205,7,653.5873,250.1455,55.5071,335.5176,
60,0.6738052999999127,673.8052999999127,1,205,7,669.7464,269.123,55.6104,328.344,
61,0.6634662000001299,663.4662000001299,1,205,7,659.6798,246.7545,55.5724,342.6591,
62,0.6821207999998933,682.1207999998933,1,205,7,678.902,243.3951,62.868,362.3191,
63,0.6619179000001623,661.9179000001623,1,205,7,657.4993,249.4468,56.6615,342.5899,
64,0.6643664999999146,664.3664999999146,1,205,7,660.9727,256.5054,57.3439,334.5514,
65,0.6473066000000927,647.3066000000927,1,205,7,644.0481,228.4958,57.7743,348.8557,
66,0.6665084999999635,666.5084999999635,1,205,7,664.7836,255.4236,57.1624,344.5546,
67,0.6762879999998859,676.2879999998859,1,205,7,671.3736,258.2545,56.7815,349.2072,
68,0.6259061000000656,625.9061000000656,1,205,7,621.1218,207.5097,57.0289,349.4332,
69,0.6727280000000064,672.7280000000064,1,205,7,668.6509,263.7126,63.8815,331.1137,
70,0.6868592999999237,686.8592999999237,1,205,7,683.7092,269.7385,59.5776,346.6492,
71,0.6495523999999477,649.5523999999477,1,205,7,644.6316,238.7008,56.5489,342.3469,
72,0.6824550000001182,682.4550000001182,1,205,7,678.131,253.52,60.7088,353.8269,
73,0.6831170999998903,683.1170999998903,1,205,7,679.0166,273.7992,57.1307,339.3818,
74,0.6241159999999581,624.1159999999581,1,205,7,619.9071,226.429,55.6678,327.1457,
75,0.6761188999998922,676.1188999998922,1,205,7,671.9181,271.8878,58.9279,327.7276,
76,0.6711499999998978,671.1499999998978,1,205,7,667.3404,272.2377,54.2922,321.0966,
77,0.6421307999999044,642.1307999999044,1,205,7,639.7117,238.3593,56.2202,336.1438,
78,0.671070200000031,671.070200000031,1,205,7,666.3469,257.2515,58.4695,340.4089,
79,0.6728359999999611,672.8359999999611,1,205,7,670.1804,270.6985,59.0218,328.3006,
80,0.6569765000001553,656.9765000001553,1,205,7,652.6349,253.9001,53.49,330.4715,
81,0.6712155000000166,671.2155000000166,1,205,7,668.6142,259.0002,56.4802,346.8539,
82,0.6743183000000954,674.3183000000954,1,205,7,669.972,251.8888,59.4535,349.8856,
83,0.6556655000001683,655.6655000001683,1,205,7,651.5868,250.3662,59.5684,332.8869,
84,0.652577600000086,652.577600000086,1,205,7,649.3534,247.8896,56.3688,338.1835,
85,0.6613508000000365,661.3508000000365,1,205,7,656.7822,256.0566,57.0158,331.4159,
86,0.6593837999998868,659.3837999998868,1,205,7,655.9082,259.6705,57.9566,323.9922,
87,0.6723010999999133,672.3010999999133,1,205,7,670.5066,273.1851,54.1109,323.6606,
88,0.660697300000038,660.697300000038,1,205,7,657.5357,263.9103,52.1102,321.0499,
89,0.6748096999999689,674.8096999999689,1,205,7,671.3166,268.973,58.6273,332.7094,
90,0.6674945000002026,667.4945000002026,1,205,7,664.9476,262.9412,57.2846,330.727,
91,0.6402345999999852,640.2345999999852,1,205,7,636.2448,232.229,55.8305,331.4326,
92,0.6822162999999364,682.2162999999364,1,205,7,678.5601,261.8158,58.5105,342.8258,
93,0.6673358999998982,667.3358999998982,1,205,7,663.5376,261.3355,59.2338,330.6105,
94,0.6415632000000642,641.5632000000642,1,205,7,637.0921,238.3841,54.1086,328.7732,
95,0.6709998999999698,670.9998999999698,1,205,7,668.0989,262.5672,56.8589,337.4712,
96,0.6629321999998865,662.9321999998865,1,205,7,658.7555,258.8157,58.5317,329.5964,
97,0.6357536000000437,635.7536000000437,1,205,7,631.7396,231.989,56.8065,332.4487,
98,0.6729376999999204,672.9376999999204,1,205,7,668.1284,262.6882,54.4697,331.0804,
99,0.667464500000051,667.464500000051,1,205,7,662.4285,262.2174,58.1561,326.4772,
100,0.6585625999998683,658.5625999998683,1,205,7,655.3837,254.3311,56.6843,332.7366,
101,0.6834304999999858,683.4304999999858,1,205,7,680.3521,263.8718,59.0279,348.2161,
102,0.6831742000001668,683.1742000001668,1,205,7,679.5894,251.4951,63.1145,356.3853,
103,0.6231697000000622,623.1697000000622,1,205,7,619.3685,216.8623,57.0715,333.7283,
104,0.6461618000000726,646.1618000000726,1,205,7,641.2004,241.0122,61.9359,326.7251,
105,0.6678451999998742,667.8451999998742,1,205,7,663.719,266.8093,56.3535,330.3652,
106,0.6395612999999685,639.5612999999685,1,205,7,635.1586,227.4486,56.7209,334.627,
107,0.6645684000000074,664.5684000000074,1,205,7,661.2187,256.3929,56.5718,330.3742,
108,0.6775748000000021,677.5748000000021,1,205,7,673.6884,271.1173,58.4391,331.7718,
109,0.6210234000000128,621.0234000000128,1,205,7,618.2556,222.2507,53.6636,327.7048,
110,0.6496612000000823,649.6612000000823,1,205,7,645.6588,243.0578,56.3078,331.7059,
111,0.667195300000003,667.195300000003,1,205,7,665.2662,259.5313,52.5564,336.1431,
112,0.6596320000001015,659.6320000001015,1,205,7,657.7813,241.5464,60.8256,342.3444,
113,0.6726473999999598,672.6473999999598,1,205,7,667.1551,263.6325,57.4746,329.1015,
114,0.6757305999999517,675.7305999999517,1,205,7,672.1294,269.4017,57.1109,334.1563,
115,0.656768399999919,656.768399999919,1,205,7,652.4278,249.0231,57.2272,338.6251,
116,0.6867536999998265,686.7536999998265,1,205,7,682.4186,272.9831,58.9207,340.5322,
117,0.6798194999998941,679.8194999998941,1,205,7,675.8342,273.4613,57.1995,334.68,
118,0.6650095999998484,665.0095999998484,1,205,7,660.3956,254.5686,59.2473,338.1666,
119,0.6669018000000051,666.9018000000051,1,205,7,662.5232,263.1279,57.7276,329.7962,
120,0.652411900000061,652.411900000061,1,205,7,648.8245,249.9684,56.388,330.1744,
121,0.6613594999998895,661.3594999998895,1,205,7,657.4359,246.1627,59.4767,342.0843,
122,0.6694876999999906,669.4876999999906,1,205,7,667.4762,246.3042,61.0069,349.7692,
123,0.6550449999999728,655.0449999999728,1,205,7,649.2149,254.6364,57.4511,324.032,
124,0.6536522999999761,653.6522999999761,1,205,7,649.6203,253.602,56.8848,324.4427,
125,0.6443389999999454,644.3389999999454,1,205,7,641.0125,245.9783,55.7822,320.4739,
126,0.6477499999998599,647.7499999998599,1,205,7,642.6784,246.2096,55.7772,328.1124,
127,0.6806781000000228,680.6781000000228,1,205,7,676.9181,271.5628,55.9444,335.9847,
128,0.668176399999993,668.176399999993,1,205,7,664.6541,261.082,56.215,333.228,
129,0.6229940000000624,622.9940000000624,1,205,7,619.3925,219.4478,56.8755,333.7675,
130,0.6726994999999079,672.6994999999079,1,205,7,669.0801,271.0338,58.8782,329.779,
131,0.6729007999999794,672.9007999999794,1,205,7,667.6228,258.5514,56.0189,341.2863,
132,0.6504976000001079,650.4976000001079,1,205,7,645.5974,220.7672,60.6686,353.3644,
133,0.6720467000000099,672.0467000000099,1,205,7,667.7464,269.1753,55.0872,330.306,
134,0.6814574999998513,681.4574999998513,1,205,7,676.7163,275.235,56.8412,335.4865,
135,0.651664700000083,651.664700000083,1,205,7,646.5654,246.8284,56.7082,334.8425,
136,0.6739840999998705,673.9840999998705,1,205,7,669.9692,264.5351,58.4323,334.7453,
137,0.6715128000000732,671.5128000000732,1,205,7,667.75,261.1717,63.67,331.1352,
138,0.6623704999999518,662.3704999999518,1,205,7,658.9198,254.8101,52.6677,335.1405,
139,0.6759285999999065,675.9285999999065,1,205,7,670.5922,269.3821,56.9759,330.0751,
140,0.6828858999999738,682.8858999999738,1,205,7,678.9778,276.064,57.4141,331.379,
141,0.6290306999999302,629.0306999999302,1,205,7,626.5197,220.625,58.7386,338.5984,
142,0.6697844000000259,669.7844000000259,1,205,7,667.0883,243.1133,61.0734,352.0319,
143,0.67779900000005,677.79900000005,1,205,7,673.3417,269.7003,55.8301,341.4335,
144,0.612596799999892,612.596799999892,1,205,7,607.6891,208.3402,55.6757,334.0046,
145,0.6682674999999563,668.2674999999563,1,205,7,664.3579,266.2411,55.8389,326.8771,
146,0.6569389999999657,656.9389999999657,1,205,7,653.1389,259.6098,55.4918,321.3871,
147,0.6462147999998251,646.2147999998251,1,205,7,642.9935,241.5152,57.6903,333.6773,
148,0.6759287999998378,675.9287999998378,1,205,7,670.6941,264.0293,56.8437,342.019,
149,0.6690009999999802,669.0009999999802,1,205,7,663.5777,269.7583,55.5437,331.9251,
150,0.6326792999998361,632.6792999998361,1,205,7,630.5404,231.1378,59.9477,331.3937,
151,0.671618399999943,671.618399999943,1,205,7,667.1157,254.8346,56.3767,345.8377,
152,0.6851080999999795,685.1080999999795,1,205,7,682.1776,259.774,61.7504,349.8653,
153,0.6509074999999029,650.9074999999029,1,205,7,646.348,249.4395,59.9021,329.9063,
154,0.6696924000000308,669.6924000000308,1,205,7,666.2544,262.8474,57.5116,338.0492,
155,0.6686259999999038,668.6259999999038,1,205,7,664.6132,257.2902,56.0292,339.5257,
156,0.6676296999999067,667.6296999999067,1,205,7,662.9905,256.2765,59.3252,339.0028,
157,0.6920939999999973,692.0939999999973,1,205,7,688.4947,276.1749,57.8241,341.2478,
158,0.6833564999999453,683.3564999999453,1,205,7,678.9376,281.7255,56.2887,325.4843,
159,0.6424729000000298,642.4729000000298,1,205,7,639.3258,237.6355,62.4568,331.8692,
160,0.6669071000001168,666.9071000001168,1,205,7,662.3496,259.2021,55.2525,337.7079,
161,0.6561596000001373,656.1596000001373,1,205,7,652.3172,247.7688,53.7131,339.8821,
162,0.6853515999998763,685.3515999998763,1,205,7,680.5053,251.9531,64.2977,358.7957,
163,0.6854581000000053,685.4581000000053,1,205,7,681.0161,271.5144,59.6791,337.6808,
164,0.6664287000000968,666.4287000000968,1,205,7,662.0546,262.2762,60.0964,329.9948,
165,0.657653400000072,657.653400000072,1,205,7,653.765,254.9075,59.6268,332.5118,
166,0.6342863999998372,634.2863999998372,1,205,7,630.0565,232.7184,55.8188,328.9139,
167,0.645051500000136,645.051500000136,1,205,7,641.3933,247.0999,57.9138,326.6403,
168,0.6645498999998836,664.5498999998836,1,205,7,661.2133,241.9875,59.3863,348.8676,
169,0.6637630999998692,663.7630999998692,1,205,7,660.1239,250.5288,56.4656,339.3046,
170,0.6504347999998572,650.4347999998572,1,205,7,647.2089,249.4694,56.0402,327.0846,
171,0.6501446999998279,650.1446999998279,1,205,7,646.4814,239.3252,56.6093,340.9605,
172,0.6765938999999435,676.5938999999435,1,205,7,673.8684,245.2594,60.604,353.2285,
173,0.6198800999998184,619.8800999998184,1,205,7,616.4219,217.6525,58.8195,325.2079,
174,0.6213177000001906,621.3177000001906,1,205,7,617.5964,222.2656,57.5657,328.0462,
175,0.6683454999999867,668.3454999999867,1,205,7,665.0984,264.5859,57.0503,329.7658,
176,0.6457938000000922,645.7938000000922,1,205,7,642.4898,242.445,53.8568,330.0545,
177,0.6840620000000399,684.0620000000399,1,205,7,681.1123,272.9259,55.7673,335.2246,
178,0.66826889999993,668.26889999993,1,205,7,665.139,266.6207,54.9971,327.6578,
179,0.6071014999999989,607.1014999999989,1,205,7,603.9086,208.2106,57.115,325.6799,
180,0.669698599999947,669.698599999947,1,205,7,666.8292,268.1955,56.2401,331.3831,
181,0.6800948000000062,680.0948000000062,1,205,7,677.9306,268.3777,58.9839,335.6796,
182,0.6438201999999364,643.8201999999364,1,205,7,640.8978,214.0818,62.0877,348.2254,
183,0.660009700000046,660.009700000046,1,205,7,656.9084,253.3946,60.2617,331.5339,
184,0.6694316999999046,669.4316999999046,1,205,7,666.63,271.1789,56.1099,327.2695,
185,0.6543077999999696,654.3077999999696,1,205,7,650.8316,250.7224,57.0073,333.3141,
186,0.6604011000001719,660.4011000001719,1,205,7,656.3402,258.3604,54.8972,328.1262,
187,0.655898900000011,655.898900000011,1,205,7,653.5909,254.0655,56.2409,326.6761,
188,0.7091001000001143,709.1001000001143,1,205,7,705.226,263.0025,55.1098,373.9397,
189,0.6477474000000711,647.7474000000711,1,205,7,644.7486,224.9613,55.3834,348.855,
190,0.6526573999999528,652.6573999999528,1,205,7,649.5894,246.2258,58.4898,334.0989,
191,0.6739299999999275,673.9299999999275,1,205,7,671.5016,255.5878,55.7869,345.1113,
192,0.6599456000001283,659.9456000001283,1,205,7,655.912,227.0685,58.2142,358.6222,
193,0.6378178999998454,637.8178999998454,1,205,7,632.9021,236.7272,58.293,326.1578,
194,0.6392177999998694,639.2177999998694,1,205,7,636.6933,235.9317,58.6137,334.1948,
195,0.6662578000000394,666.2578000000394,1,205,7,660.6692,210.5043,58.2603,378.8874,
196,0.6249619000000166,624.9619000000166,1,205,7,620.5756,207.21,59.3611,337.3658,
197,0.6893015999999079,689.3015999999079,1,205,7,684.6853,250.3439,53.73,365.069,
198,0.7464784999999665,746.4784999999665,1,205,7,742.0089,195.4144,73.2266,459.6747,
199,0.6797527999999602,679.7527999999602,1,205,7,674.4195,253.9121,61.8129,340.1917,
200,0.6619619000000512,661.9619000000512,1,205,7,657.5119,233.863,57.8264,353.2396,
201,0.6613987000000634,661.3987000000634,1,205,7,659.1776,228.3701,55.4864,360.7233,
202,0.6379770999999437,637.9770999999437,1,205,7,633.6165,209.3686,60.2202,352.9573,
203,0.6641956000000846,664.1956000000846,1,205,7,660.336,260.1889,55.1499,331.9334,
204,0.6049413000000641,604.9413000000641,1,205,7,601.3482,191.7539,59.0212,341.0303,
205,0.6608506999998554,660.8506999998554,1,205,7,657.5583,212.5118,67.8137,366.8663,
206,0.7114325000000008,711.4325000000008,1,205,7,708.5147,264.5598,57.1586,375.483,
207,0.7385898999998517,738.5898999998517,1,205,7,735.9641,266.1636,62.9334,392.0184,
208,0.7645055999998931,764.5055999998931,1,205,7,758.7793,225.1625,61.5856,462.2615,
209,0.6997240000000602,699.7240000000602,1,205,7,695.1488,239.4354,64.6056,374.525,
210,0.6711476000000403,671.1476000000403,1,205,7,666.4765,255.149,58.898,338.8985,
211,0.6801782999998522,680.1782999998522,1,205,7,675.769,250.188,57.8957,353.7394,
212,0.6775726999999279,677.5726999999279,1,205,7,673.9194,225.8353,65.1416,367.2877,
213,0.6911517999999433,691.1517999999433,1,205,7,686.4509,259.0561,60.2087,353.9068,
214,0.6806207000001905,680.6207000001905,1,205,7,677.3871,258.8375,56.557,342.6938,
215,0.6491061000001537,649.1061000001537,1,205,7,646.0819,227.5539,57.5448,342.8049,
216,0.6667195999998512,666.7195999998512,1,205,7,662.5131,242.9799,59.2519,346.1009,
217,0.734308800000008,734.308800000008,1,205,7,731.3746,245.3169,55.4576,416.3648,
218,0.7870471999999609,787.0471999999609,1,205,7,782.6298,268.5368,64.5382,436.7224,
219,0.6580358999999589,658.0358999999589,1,205,7,653.5844,194.698,60.4988,385.9683,
220,0.7096077999999579,709.6077999999579,1,205,7,705.8969,230.5719,58.6083,405.9899,
221,0.6550698000000921,655.0698000000921,1,205,7,651.1239,223.9007,58.3818,351.286,
222,0.6975416000000223,697.5416000000223,1,205,7,694.4868,253.7565,62.7096,362.1643,
223,0.7265032000000247,726.5032000000247,1,205,7,721.5087,248.3572,117.5313,342.9693,
224,0.695511199999828,695.511199999828,1,205,7,692.6464,248.7142,62.7106,371.8368,
225,0.6104890999999952,610.4890999999952,1,205,7,606.7821,183.9225,62.3557,351.2593,
226,0.6719912000000932,671.9912000000932,1,205,7,667.2611,247.0429,59.1086,340.7475,
227,0.6793766000000687,679.3766000000687,1,205,7,676.1029,261.0246,57.3465,343.4358,
228,0.6801493000000391,680.1493000000391,1,205,7,677.5005,207.4635,60.5798,401.9293,
229,0.6300453000001198,630.0453000001198,1,205,7,625.6427,165.6087,58.5186,393.2692,
230,0.6038900000000922,603.8900000000922,1,205,7,601.5774,164.5331,62.7198,362.9137,
231,0.5725064000000657,572.5064000000657,1,205,7,568.3145,162.0291,57.2773,340.2923,
232,0.6762934999999288,676.2934999999288,1,205,7,673.1477,248.3216,59.1644,357.6401,
233,0.6335947000000033,633.5947000000033,1,205,7,630.2529,225.0154,55.5929,337.0641,
234,0.6775554000000739,677.5554000000739,1,205,7,674.0195,271.2286,56.5527,332.9178,
235,0.6606404999999995,660.6404999999995,1,205,7,655.2726,252.1804,56.0792,331.2914,
236,0.6393827000001693,639.3827000001693,1,205,7,634.1495,231.7684,56.5829,328.1075,
237,0.676067699999976,676.067699999976,1,205,7,671.7461,271.5321,54.8798,327.1969,
238,0.64774599999987,647.74599999987,1,205,7,644.8032,239.1077,56.2646,336.2326,
239,0.6450780000000123,645.0780000000123,1,205,7,641.4644,232.5075,57.2983,340.1637,
240,0.6782150999999885,678.2150999999885,1,205,7,675.4372,265.0719,54.2847,342.4066,
241,0.6650793000001158,665.0793000001158,1,205,7,662.8303,260.0802,56.3229,336.0282,
242,0.6308297999999013,630.8297999999013,1,205,7,628.337,201.3908,62.9762,349.1351,
243,0.6714208000000781,671.4208000000781,1,205,7,667.7565,264.2507,56.7668,333.3544,
244,0.6679954999999609,667.9954999999609,1,205,7,664.905,266.8423,54.3978,329.2248,
245,0.6444220999999288,644.4220999999288,1,205,7,641.6506,240.2043,58.7612,329.6102,
246,0.6754115000001093,675.4115000001093,1,205,7,671.4687,260.9946,59.7532,336.5623,
247,0.6777125999999498,677.7125999999498,1,205,7,674.3229,268.3669,55.9283,333.2414,
248,0.6691283999998632,669.1283999998632,1,205,7,665.4953,251.3887,59.0842,342.7001,
249,0.6828058000000965,682.8058000000965,1,205,7,679.4047,261.6223,58.1224,342.7097,
250,0.6865394000001288,686.5394000001288,1,205,7,684.416,262.6857,57.3137,345.724,
251,0.5986213999999563,598.6213999999563,1,205,7,595.5613,145.0115,58.2589,382.1918,
252,0.6791171000002123,679.1171000002123,1,205,7,676.495,245.4611,58.2007,358.3859,
253,0.6413068000001658,641.3068000001658,1,205,7,637.7078,239.9977,57.5288,330.4624,
254,0.6541290000000117,654.1290000000117,1,205,7,649.6274,246.9337,56.6574,336.957,
255,0.6505069999998341,650.5069999998341,1,205,7,647.6167,251.1972,56.935,328.261,
256,0.6255036000000018,625.5036000000018,1,205,7,621.1256,220.8497,55.9555,328.3336,
257,0.6730916000001343,673.0916000001343,1,205,7,669.5967,269.5839,59.7418,325.0281,
258,0.6685580999999274,668.5580999999274,1,205,7,664.7143,270.0846,54.2652,327.6301,
259,0.6255411000001914,625.5411000001914,1,205,7,621.9128,225.35,56.0206,327.151,
260,0.6669891000001371,666.9891000001371,1,205,7,664.0419,265.8875,55.4626,323.1565,
261,0.6444249999999556,644.4249999999556,1,205,7,639.6069,225.8356,54.8111,347.1012,
262,0.6503070000001117,650.3070000001117,1,205,7,647.9254,221.5291,60.9922,350.8169,
263,0.668435000000045,668.435000000045,1,205,7,665.4706,255.1191,54.2124,340.2473,
264,0.6613517999999203,661.3517999999203,1,205,7,656.5591,250.1481,55.5678,332.9885,
265,0.6596572999999353,659.6572999999353,1,205,7,656.362,249.9547,54.2206,338.0834,
266,0.6796338999999989,679.6338999999989,1,205,7,676.6032,270.7336,56.0279,333.5965,
267,0.6596933000000718,659.6933000000718,1,205,7,655.4939,242.7659,56.5349,341.2682,
268,0.6310278999999355,631.0278999999355,1,205,7,629.0881,213.8244,58.2028,335.1833,
269,0.6778108000000884,677.8108000000884,1,205,7,670.7609,258.2254,59.3055,343.2989,
270,0.6723906000001989,672.3906000001989,1,205,7,670.2487,261.7919,59.4746,335.7109,
271,0.6551273999998557,655.1273999998557,1,205,7,650.5676,236.8607,56.3098,349.4689,
272,0.6777984000000288,677.7984000000288,1,205,7,673.6719,243.1109,60.0369,358.9485,
273,0.697977900000069,697.977900000069,1,205,7,692.7865,283.5406,54.1188,336.2808,
274,0.6649156000000858,664.9156000000858,1,205,7,660.7785,254.6789,59.0778,331.7952,
275,0.6821307000000161,682.1307000000161,1,205,7,678.4611,267.3467,57.006,338.5582,
276,0.6739231000001382,673.9231000001382,1,205,7,669.9592,259.3259,57.386,338.9808,
277,0.641350999999986,641.350999999986,1,205,7,638.2994,230.733,56.9847,337.4773,
278,0.6716261999999915,671.6261999999915,1,205,7,667.511,266.348,56.8307,325.8653,
279,0.646413100000018,646.413100000018,1,205,7,642.0056,232.1393,56.6833,343.8707,
280,0.6439665000000332,643.9665000000332,1,205,7,638.5521,225.9145,58.695,346.1531,
281,0.6501240000000053,650.1240000000053,1,205,7,648.0517,235.8013,55.3131,344.1609,
282,0.6761218999999983,676.1218999999983,1,205,7,671.3496,243.7224,59.4081,358.6779,
283,0.6070203000001584,607.0203000001584,1,205,7,602.3969,190.3793,54.5054,347.2826,
284,0.6530225999999857,653.0225999999857,1,205,7,650.0571,240.7441,57.0652,342.9449,
285,0.6627430999999433,662.7430999999433,1,205,7,658.8689,247.5084,57.3297,341.578,
286,0.6841210999998566,684.1210999998566,1,205,7,680.588,272.1036,54.0306,339.3676,
287,0.6666994999998224,666.6994999998224,1,205,7,662.7152,254.7084,57.051,337.3721,
288,0.60457150000002,604.57150000002,1,205,7,602.1034,191.6358,59.0292,339.8333,
289,0.6862519000001157,686.2519000001157,1,205,7,682.3434,263.9745,60.2519,350.1422,
290,0.6880186000000776,688.0186000000776,1,205,7,684.2391,272.0101,60.0699,343.5996,
291,0.6355585999999676,635.5585999999676,1,205,7,631.5948,219.1315,56.94,345.9929,
292,0.6756560000001173,675.6560000001173,1,205,7,672.803,240.6921,60.0798,362.9833,
293,0.6094266000000061,609.4266000000061,1,205,7,606.5661,199.0152,56.7334,341.3484,
294,0.5989489000000958,598.9489000000958,1,205,7,596.5089,191.1775,59.9184,337.3431,
295,0.5829155999999784,582.9155999999784,1,205,7,578.6976,186.5037,54.8313,329.0792,
296,0.6277493999998569,627.7493999998569,1,205,7,623.0849,198.897,55.1799,359.7492,
297,0.7098950999998124,709.8950999998124,1,205,7,707.0628,249.128,57.9913,392.0096,
298,0.6536648000001151,653.6648000001151,1,205,7,650.5221,251.5179,56.4446,331.7133,
299,0.6443085000000792,644.3085000000792,1,205,7,641.0847,241.9488,57.9937,328.3158,
300,0.6871006000001216,687.1006000001216,1,205,7,683.1616,233.6113,54.7411,385.7256,
301,0.6335426999999072,633.5426999999072,1,205,7,628.4551,217.8832,55.2397,349.0094,
302,0.6520071999998436,652.0071999998436,1,205,7,647.7864,213.7481,61.192,364.0664,
303,0.676362700000027,676.362700000027,1,205,7,673.0446,229.4812,68.9396,366.0754,
304,0.6400777999999718,640.0777999999718,1,205,7,638.1794,226.0544,56.8067,345.6916,
305,0.6119456999999784,611.9456999999784,1,205,7,609.588,199.9717,56.9406,340.2899,
306,0.6765386000001854,676.5386000001854,1,205,7,672.2774,231.6318,61.7593,370.4674,
307,0.6359585999998671,635.9585999998671,1,205,7,633.586,229.8478,57.1788,337.862,
308,0.6353710000000774,635.3710000000774,1,205,7,631.3129,216.3742,60.6378,345.9154,
309,0.6961355999999341,696.1355999999341,1,205,7,691.1822,266.9586,56.7956,355.2536,
310,0.7566689999998744,756.6689999998744,1,205,7,753.4822,260.7281,57.6666,419.4581,
311,0.6516537000002245,651.6537000002245,1,205,7,648.7445,238.2359,57.1801,345.8294,
312,0.6571137000000817,657.1137000000817,1,205,7,652.3279,223.0354,61.1053,359.6467,
313,0.6783406000001833,678.3406000001833,1,205,7,674.1778,258.2079,56.7799,350.4208,
314,0.6748563999999533,674.8563999999533,1,205,7,671.1256,235.0337,87.2641,338.9519,
315,0.6946682000000237,694.6682000000237,1,205,7,691.4331,285.4186,58.6158,339.3235,
316,0.6761721000000307,676.1721000000307,1,205,7,671.9586,267.3416,56.5529,335.3364,
317,0.6183871000000636,618.3871000000636,1,205,7,613.7994,214.5235,58.1065,330.1757,
318,0.6500707000000148,650.0707000000148,1,205,7,646.7337,243.8098,56.7951,337.7014,
319,0.6597248000000491,659.7248000000491,1,205,7,654.8262,248.9569,56.1028,338.9059,
320,0.6387127000000419,638.7127000000419,1,205,7,634.5051,233.5631,56.8947,332.9379,
321,0.654207900000074,654.207900000074,1,205,7,651.8129,239.3634,56.9907,343.7733,
322,0.6740801999999348,674.0801999999348,1,205,7,670.0997,236.9132,60.5683,358.4562,
323,0.6376824999999826,637.6824999999826,1,205,7,634.4965,226.7439,55.3361,331.6273,
324,0.6801158000000669,680.1158000000669,1,205,7,677.5667,264.2563,57.5021,339.8513,
325,0.6864967999999863,686.4967999999863,1,205,7,682.7497,264.6462,57.0955,341.4978,
326,0.6649170999999114,664.9170999999114,1,205,7,661.0761,254.0624,58.6783,337.6417,
327,0.6499311000000034,649.9311000000034,1,205,7,644.3498,243.9003,55.8608,334.5594,
328,0.654677300000003,654.677300000003,1,205,7,650.3415,243.263,56.7181,342.0124,
329,0.6571474999998372,657.1474999998372,1,205,7,651.8241,235.8784,64.4806,341.9277,
330,0.6568288999999368,656.8288999999368,1,205,7,651.9305,240.7277,55.372,340.1545,
331,0.661536900000101,661.536900000101,1,205,7,656.8821,242.012,56.4611,350.6475,
332,0.6777649000000565,677.7649000000565,1,205,7,674.4772,237.4016,63.3054,363.0497,
333,0.6477449999999862,647.7449999999862,1,205,7,642.3307,239.2394,58.7399,335.812,
334,0.6644567000000734,664.4567000000734,1,205,7,659.0987,253.4668,55.7567,337.6223,
335,0.6467362000000776,646.7362000000776,1,205,7,643.3163,238.2238,63.2477,323.2184,
336,0.6741233000000193,674.1233000000193,1,205,7,670.8649,258.5898,59.031,337.8793,
337,0.6761453999999958,676.1453999999958,1,205,7,671.8234,267.542,58.8931,335.8978,
338,0.6568689999999151,656.8689999999151,1,205,7,652.3536,248.7909,58.3086,336.079,
339,0.6597696000001179,659.7696000001179,1,205,7,654.8904,252.1374,57.5123,335.7856,
340,0.6808335999999144,680.8335999999144,1,205,7,676.0506,260.1013,53.6493,342.2398,
341,0.6640663999999106,664.0663999999106,1,205,7,661.3946,247.8052,56.3221,344.613,
342,0.6860589000000346,686.0589000000346,1,205,7,682.9461,248.2195,59.1455,362.6685,
343,0.6752301999999872,675.2301999999872,1,205,7,671.2956,268.8449,58.8877,327.9259,
344,0.6602327999999034,660.2327999999034,1,205,7,656.7754,251.5619,58.6836,330.0501,
345,0.6626616000000922,662.6616000000922,1,205,7,659.1753,260.406,57.8489,328.1926,
346,0.6435787999998865,643.5787999998865,1,205,7,638.4314,237.7149,55.7035,334.6465,
347,0.6607998000001771,660.7998000001771,1,205,7,656.3245,250.1239,57.5909,338.5723,
348,0.6431422000000566,643.1422000000566,1,205,7,640.2641,243.1276,57.2252,328.3391,
349,0.6514405999998871,651.4405999998871,1,205,7,647.1392,247.0704,57.8953,333.1639,
350,0.6709882000000107,670.9882000000107,1,205,7,667.8005,266.5418,56.2801,331.5759,
351,0.6400906000001214,640.0906000001214,1,205,7,634.4115,232.8229,58.5779,330.957,
352,0.62827789999983,628.27789999983,1,205,7,622.9333,196.6781,59.2995,356.0182,
353,0.632505700000138,632.505700000138,1,205,7,627.87,231.6592,56.2589,329.2363,
354,0.6664958999999726,666.4958999999726,1,205,7,662.4962,262.3566,57.5171,333.9548,
355,0.6392438999998831,639.2438999998831,1,205,7,634.1905,233.7248,57.0638,328.3105,
356,0.669260099999974,669.260099999974,1,205,7,664.9377,249.8436,59.4252,344.6422,
357,0.6622870999999577,662.2870999999577,1,205,7,658.3571,262.1688,53.118,329.5465,
358,0.6597237999999379,659.7237999999379,1,205,7,657.1258,251.2615,56.6892,336.9742,
359,0.637441200000012,637.441200000012,1,205,7,632.2956,228.1266,54.6882,337.9217,
360,0.6605070000000524,660.5070000000524,1,205,7,657.264,259.0871,56.8191,329.0272,
361,0.6383260000000064,638.3260000000064,1,205,7,635.3347,205.2275,60.1054,347.7312,
362,0.6733440000000428,673.3440000000428,1,205,7,669.0069,244.372,55.9873,352.9396,
363,0.6315099999999347,631.5099999999347,1,205,7,627.1312,233.5771,57.1615,317.0562,
364,0.6356050000001687,635.6050000001687,1,205,7,630.7271,231.4202,57.2582,321.8537,
365,0.6526971000000685,652.6971000000685,1,205,7,650.4956,241.875,56.3209,329.597,
366,0.6446921999997812,644.6921999997812,1,205,7,641.016,234.9153,56.3801,330.94,
367,0.6725189999999657,672.5189999999657,1,205,7,669.3685,259.9343,62.7168,328.8656,
368,0.6736151000000064,673.6151000000064,1,205,7,670.6995,262.2147,59.6599,327.5945,
369,0.6726451999998062,672.6451999998062,1,205,7,668.7444,267.258,56.7418,334.9477,
370,0.6740833000001203,674.0833000001203,1,205,7,671.2048,264.698,55.0819,328.2633,
371,0.675201799999968,675.201799999968,1,205,7,670.5133,248.5964,57.0258,343.9268,
372,0.6984467999998287,698.4467999998287,1,205,7,695.0834,263.7762,63.2783,351.2143,
373,0.6697045000000799,669.7045000000799,1,205,7,665.4308,252.5122,58.0062,337.4116,
374,0.6518022000000201,651.8022000000201,1,205,7,647.1225,236.8253,55.7951,339.3505,
375,0.6781720999999834,678.1720999999834,1,205,7,674.6061,263.8687,56.2814,340.3746,
376,0.6627840999999535,662.7840999999535,1,205,7,657.6905,238.917,56.1579,352.1297,
377,0.6843962000000374,684.3962000000374,1,205,7,679.1224,264.0614,57.5703,341.9707,
378,0.6799033999998301,679.9033999998301,1,205,7,675.9778,267.1196,57.7458,338.5097,
379,0.6572493999999551,657.2493999999551,1,205,7,652.477,229.7916,59.6724,349.7186,
380,0.6664116000001741,666.4116000001741,1,205,7,663.8409,267.9997,52.7756,327.6294,
381,0.6417595000000347,641.7595000000347,1,205,7,638.3777,235.0787,54.8772,334.727,
382,0.6727195000000847,672.7195000000847,1,205,7,669.9202,232.896,58.3142,355.3001,
383,0.6534820000001673,653.4820000001673,1,205,7,649.7522,250.636,51.8606,327.5414,
384,0.679363100000046,679.363100000046,1,205,7,676.8219,271.9088,55.7861,326.9939,
385,0.634294700000055,634.294700000055,1,205,7,629.5736,232.2013,56.5505,319.7106,
386,0.658480900000086,658.480900000086,1,205,7,654.4887,242.9002,56.4899,335.6199,
387,0.6506435999999667,650.6435999999667,1,205,7,647.6112,237.6153,54.7219,332.661,
388,0.6845088000000032,684.5088000000032,1,205,7,680.2996,255.6167,52.8059,350.1259,
389,0.6511982999998054,651.1982999998054,1,205,7,646.8713,240.5433,52.8539,333.5389,
390,0.6631210000000465,663.1210000000465,1,205,7,658.4195,244.6362,58.2634,341.888,
391,0.6793324000000212,679.3324000000212,1,205,7,677.0206,254.0154,57.0936,353.0463,
392,0.6830319999999119,683.0319999999119,1,205,7,678.5695,244.1321,58.6924,358.6283,
393,0.6731457999999293,673.1457999999293,1,205,7,668.2378,264.3723,56.6449,323.9647,
394,0.6622876999999789,662.2876999999789,1,205,7,658.3147,249.6044,56.5861,334.3072,
395,0.6566245000001345,656.6245000001345,1,205,7,652.9914,241.6867,57.2087,335.1078,
396,0.6689105999998901,668.9105999998901,1,205,7,665.5796,254.4883,58.5472,336.0419,
397,0.6708773999998812,670.8773999998812,1,205,7,668.1149,255.8948,56.99,337.0808,
398,0.6779504000000998,677.9504000000998,1,205,7,673.4512,259.4175,55.9439,335.4623,
399,0.6731118999998671,673.1118999998671,1,205,7,668.6135,257.1156,58.9509,326.7042,
400,0.6901495999998133,690.1495999998133,1,205,7,686.2563,267.9146,62.1086,332.5614,
401,0.7029581000001599,702.9581000001599,1,205,7,698.2331,275.0973,57.1597,346.2279,
402,0.6870124999998097,687.0124999998097,1,205,7,684.1002,254.8879,57.2939,356.1579,
403,0.6480630999999448,648.0630999999448,1,205,7,645.1612,240.2545,53.3353,329.5064,
404,0.6676101000000472,667.6101000000472,1,205,7,663.201,247.9872,57.1229,339.7032,
405,0.6729731999998876,672.9731999998876,1,205,7,670.2092,258.0322,56.5238,337.7917,
406,0.6553291000000172,655.3291000000172,1,205,7,649.9981,243.913,55.1842,332.7221,
407,0.6763055000001259,676.3055000001259,1,205,7,671.2819,257.9425,55.0439,338.7884,
408,0.6841208000000734,684.1208000000734,1,205,7,679.5708,264.5539,56.6428,338.6166,
409,0.6499833000000308,649.9833000000308,1,205,7,645.748,234.6583,57.492,339.8665,
410,0.6815050000000156,681.5050000000156,1,205,7,675.6093,252.9393,55.8791,354.2928,
411,0.6856621999997969,685.6621999997969,1,205,7,681.2469,252.9304,57.5791,353.8148,
412,0.677647099999831,677.647099999831,1,205,7,673.9889,227.7554,60.2307,365.8269,
413,0.6559646000000612,655.9646000000612,1,205,7,651.4364,244.9542,56.2968,333.0095,
414,0.6697968999999375,669.7968999999375,1,205,7,666.9303,253.4606,58.2237,333.243,
415,0.634182600000031,634.182600000031,1,205,7,629.5516,225.0053,53.3686,333.6023,
416,0.6859957000001486,685.9957000001486,1,205,7,681.1138,262.564,57.1956,341.4934,
417,0.6626305999998294,662.6305999998294,1,205,7,658.4778,249.2012,57.022,336.2998,
418,0.6377439000000322,637.7439000000322,1,205,7,632.7921,227.5205,59.0526,334.528,
419,0.6624497000000247,662.4497000000247,1,205,7,658.2631,243.9895,55.5472,343.0754,
420,0.6603438000001915,660.3438000001915,1,205,7,655.4165,244.7903,56.7728,340.0486,
421,0.6964342000001125,696.4342000001125,1,205,7,690.872,223.4819,61.81,391.8324,
422,0.6843831999999566,684.3831999999566,1,205,7,679.5139,243.8559,58.3974,361.6966,
423,0.6770934000001034,677.0934000001034,1,205,7,673.3903,262.8573,56.9154,338.3567,
424,0.6543329000000995,654.3329000000995,1,205,7,650.108,234.3215,56.6337,346.4556,
425,0.6374177000000145,637.4177000000145,1,205,7,631.9651,194.267,58.651,371.0999,
426,0.7087205000000267,708.7205000000267,1,205,7,704.7761,269.3751,55.8216,362.1164,
427,0.6761618999998973,676.1618999998973,1,205,7,673.1516,237.8242,60.3425,361.4518,
428,0.6764985000002071,676.4985000002071,1,205,7,672.5695,265.0905,56.1936,334.306,
429,0.6632110000000466,663.2110000000466,1,205,7,660.6031,241.985,54.7762,355.5725,
430,0.6495969000000059,649.5969000000059,1,205,7,645.6394,210.2265,64.5686,357.9163,
431,0.6681327000001147,668.1327000001147,1,205,7,664.336,248.1995,52.9405,351.7101,
432,0.6265570999999,626.5570999999,1,205,7,622.6939,192.3588,62.0754,360.1344,
433,0.6341241999998601,634.1241999998601,1,205,7,630.2318,219.7184,56.4851,334.727,
434,0.6615156999998817,661.5156999998817,1,205,7,657.2297,236.3245,65.6361,334.6527,
435,0.6826434000001882,682.6434000001882,1,205,7,679.4402,246.9635,62.5338,356.2938,
436,0.6283883999999489,628.3883999999489,1,205,7,625.3627,220.0706,58.1564,337.2548,
437,0.6682438000000275,668.2438000000275,1,205,7,664.605,259.5452,57.379,336.8104,
438,0.6014738999999736,601.4738999999736,1,205,7,595.9454,187.6537,58.5358,338.5317,
439,0.7241262000000006,724.1262000000006,1,205,7,721.7678,271.5687,56.2787,380.9143,
440,0.6559182999999393,655.9182999999393,1,205,7,651.6758,191.6494,63.9692,384.4179,
441,0.7155566999999792,715.5566999999792,1,205,7,711.0348,255.1426,57.0875,388.1165,
442,0.6630086000000119,663.0086000000119,1,205,7,659.2016,205.1503,62.0511,379.8912,
443,0.6327678000000105,632.7678000000105,1,205,7,628.3424,204.8242,57.0629,354.1354,
444,0.6266777999999249,626.6777999999249,1,205,7,622.745,211.1317,59.6966,342.5334,
445,0.6353028000000904,635.3028000000904,1,205,7,632.0233,225.6709,56.6575,337.7399,
446,0.6403149999998732,640.3149999998732,1,205,7,637.8383,217.9412,55.6071,351.1142,
447,0.6441895000000386,644.1895000000386,1,205,7,640.0232,242.9965,58.4837,328.1364,
448,0.5965773999998873,596.5773999998873,1,205,7,590.7391,188.4521,59.318,333.3108,
449,0.6948253000000477,694.8253000000477,1,205,7,690.1246,270.1417,58.7498,349.3851,
450,0.6413416999998844,641.3416999998844,1,205,7,635.9625,212.6135,58.0054,357.2301,
451,0.6176529999997911,617.6529999997911,1,205,7,611.846,198.1227,56.0465,344.5915,
452,0.6721611000000394,672.1611000000394,1,205,7,668.2364,237.6125,60.0123,353.9516,
453,0.6153713999999582,615.3713999999582,1,205,7,610.2281,200.9476,57.7457,340.0555,
454,0.656433399999969,656.433399999969,1,205,7,653.2212,247.7873,58.8599,330.0311,
455,0.6440580000000864,644.0580000000864,1,205,7,641.166,217.8013,54.1546,359.0713,
456,0.5961135000000013,596.1135000000013,1,205,7,590.3875,176.9577,59.8221,339.8939,
457,0.6883944000001065,688.3944000001065,1,205,7,684.8668,253.4334,62.0209,361.9778,
458,0.6407517999998618,640.7517999998618,1,205,7,636.6878,232.0348,56.2603,335.0157,
459,0.6469844000000649,646.9844000000649,1,205,7,640.9926,240.1403,57.5712,326.483,
460,0.6582369000000199,658.2369000000199,1,205,7,654.458,251.7598,54.9978,335.4403,
461,0.6387231000001066,638.7231000001066,1,205,7,634.9953,221.4887,56.4539,343.6709,
462,0.6746236999999837,674.6236999999837,1,205,7,671.2184,237.4269,60.4746,360.4754,
463,0.6519881000001533,651.9881000001533,1,205,7,648.0618,247.647,57.8078,325.4444,
464,0.6613992000000053,661.3992000000053,1,205,7,658.3175,244.9291,60.3174,339.4822,
465,0.6825708999999733,682.5708999999733,1,205,7,677.9242,272.955,56.0256,333.6606,
466,0.6763925000000199,676.3925000000199,1,205,7,673.8253,258.0158,60.2864,345.9972,
467,0.6227993000002243,622.7993000002243,1,205,7,619.7528,212.4403,57.2707,340.6733,
468,0.6950133000000278,695.0133000000278,1,205,7,690.8431,273.2964,57.4085,344.5861,
469,0.6556940999998915,655.6940999998915,1,205,7,651.0595,250.7111,56.0822,333.101,
470,0.6621993000001112,662.1993000001112,1,205,7,660.5832,256.4401,57.681,337.3088,
471,0.6861487999999554,686.1487999999554,1,205,7,681.8394,258.8539,57.7577,352.8015,
472,0.6763331000001926,676.3331000001926,1,205,7,671.9275,240.2904,60.109,359.1616,
473,0.6595317999999679,659.5317999999679,1,205,7,655.1983,247.3564,61.1415,334.3315,
474,0.6668151999999736,666.8151999999736,1,205,7,662.4577,255.4632,56.7712,337.4761,
475,0.6759185999999318,675.9185999999318,1,205,7,672.2447,268.0227,58.0569,334.0786,
476,0.665561900000057,665.561900000057,1,205,7,660.617,261.4263,55.0108,328.1482,
477,0.6739744999999857,673.9744999999857,1,205,7,670.6076,265.2517,55.7829,335.676,
478,0.6825948000000608,682.5948000000608,1,205,7,678.3704,261.6457,60.7926,342.9658,
479,0.6541508999998769,654.1508999998769,1,205,7,649.8139,246.1641,57.9328,331.8218,
480,0.6775044000000889,677.5044000000889,1,205,7,674.648,268.2356,57.0696,334.0848,
481,0.6670096000000285,667.0096000000285,1,205,7,662.9962,256.7357,54.6325,330.9738,
482,0.6850716999999804,685.0716999999804,1,205,7,681.9348,251.8807,64.089,355.5344,
483,0.6764204000000973,676.4204000000973,1,205,7,671.9483,270.529,55.9335,332.518,
484,0.6875230999999076,687.5230999999076,1,205,7,684.5557,279.8823,57.8911,328.2281,
485,0.6646504999998797,664.6504999998797,1,205,7,661.3301,261.7248,58.1647,331.0505,
486,0.6871899999998732,687.1899999998732,1,205,7,683.8962,267.7632,58.2942,344.9321,
487,0.6902379000000565,690.2379000000565,1,205,7,687.3658,267.5641,57.8896,346.6748,
488,0.6735535999998774,673.5535999998774,1,205,7,669.6069,249.6872,54.8652,354.1879,
489,0.6534575000000586,653.4575000000586,1,205,7,649.6756,223.737,63.6886,351.0268,
490,0.6160955999998805,616.0955999998805,1,205,7,610.5832,203.4323,57.6515,335.8917,
491,0.6112565000000814,611.2565000000814,1,205,7,607.1219,186.0737,56.2981,350.3951,
492,0.6658289999998033,665.8289999998033,1,205,7,661.4542,210.4362,62.4631,378.3347,
493,0.6292353999999705,629.2353999999705,1,205,7,624.4202,221.7568,57.0632,334.3465,
494,0.632365800000116,632.365800000116,1,205,7,628.7961,224.5994,57.6467,335.1922,
495,0.6357170000001133,635.7170000001133,1,205,7,631.0656,234.8358,55.6128,328.7156,
496,0.671063600000025,671.063600000025,1,205,7,668.3721,245.3091,57.2365,349.0449,
497,0.6041651999998976,604.1651999998976,1,205,7,600.89,194.2083,56.1722,337.6469,
498,0.6411285000001499,641.1285000001499,1,205,7,636.7899,233.6745,56.9602,335.6025,
499,0.6288497999998981,628.8497999998981,1,205,7,625.2374,200.1298,53.889,356.0231,
500,0.5972294999999122,597.2294999999122,1,205,7,592.0195,191.016,58.0707,332.9349,
501,0.6994359999998778,699.4359999998778,1,205,7,695.4941,213.208,70.9603,396.7478,
502,0.6647194000001946,664.7194000001946,1,205,7,660.1758,190.9318,65.7715,395.3219,
503,0.6592305000001488,659.2305000001488,1,205,7,655.105,214.5635,58.2902,370.7248,
504,0.6626977999999326,662.6977999999326,1,205,7,659.8427,210.2426,61.4389,370.1084,
505,0.7138375000001815,713.8375000001815,1,205,7,708.7026,266.6197,56.1015,375.3827,
506,0.6672949000001154,667.2949000001154,1,205,7,664.9185,247.099,58.6174,343.0259,
507,0.65354810000008,653.54810000008,1,205,7,650.6109,249.789,54.3625,331.6077,
508,0.6728622999999061,672.8622999999061,1,205,7,668.2714,265.2387,54.7093,333.6534,
509,0.6461784000000534,646.1784000000534,1,205,7,643.5671,236.8846,53.1524,338.0636,
510,0.6420173000001341,642.0173000001341,1,205,7,638.7516,233.9755,54.4865,328.5419,
511,0.6502591000000848,650.2591000000848,1,205,7,647.167,215.0581,57.8898,357.05,
512,0.704311700000062,704.311700000062,1,205,7,700.1618,259.0334,61.042,367.6763,
513,0.6440554000000702,644.0554000000702,1,205,7,640.1266,226.9722,58.65,344.127,
514,0.6924283000000742,692.4283000000742,1,205,7,688.6885,252.7129,68.904,355.3408,
515,0.6664378000000397,666.4378000000397,1,205,7,661.6809,249.7747,56.3738,345.5446,
516,0.6523575999999593,652.3575999999593,1,205,7,649.2312,242.316,55.9339,339.5466,
517,0.6266319999999723,626.6319999999723,1,205,7,621.6372,206.3861,56.5307,351.0922,
518,0.6833788000001277,683.3788000001277,1,205,7,679.299,238.8989,56.7685,374.8422,
519,0.6505443999999443,650.5443999999443,1,205,7,645.5796,232.2533,58.8993,344.6492,
520,0.6544122000000243,654.4122000000243,1,205,7,651.2507,253.0866,57.5503,330.5453,
521,0.699060099999997,699.060099999997,1,205,7,694.0675,250.5316,56.0722,376.7195,
522,0.7124423000000206,712.4423000000206,1,205,7,707.3858,229.1839,65.4014,404.7338,
523,0.980175299999928,980.175299999928,1,205,7,975.5137,268.4794,123.6871,562.6838,
524,1.0512144000001626,1051.2144000001626,1,205,7,1046.2347,212.8323,125.645,692.4349,
525,0.840461600000026,840.461600000026,1,205,7,832.4082,256.2366,56.6049,508.7835,
526,0.8874562999999398,887.4562999999398,1,205,7,881.7019,255.1482,111.8996,498.1124,
527,0.7375202000000627,737.5202000000627,1,205,7,733.4187,277.642,67.9071,378.9338,
528,0.6996421999999711,699.6421999999711,1,205,7,694.6529,271.1342,60.6496,353.6175,
529,0.6943134000000555,694.3134000000555,1,205,7,690.5839,270.1612,58.0809,352.7548,
530,0.699813899999981,699.813899999981,1,205,7,696.1494,271.659,56.9917,356.3639,
531,0.6882065999998304,688.2065999998304,1,205,7,684.1209,260.7359,55.7632,357.6254,
532,0.6935891000000538,693.5891000000538,1,205,7,689.5517,248.1687,63.0451,369.1084,
533,0.6794608000000153,679.4608000000153,1,205,7,675.2349,268.0023,56.8098,337.2951,
534,0.6823919000000842,682.3919000000842,1,205,7,677.7976,273.9703,56.8582,337.7542,
535,0.6763527000000522,676.3527000000522,1,205,7,672.0979,271.5826,58.3025,334.0121,
536,0.6742751999997836,674.2751999997836,1,205,7,669.1685,271.6352,57.3237,329.5212,
537,0.6843332999999348,684.3332999999348,1,205,7,679.6057,274.7858,57.5616,336.6844,
538,0.6745763999999781,674.5763999999781,1,205,7,669.8574,264.758,57.7738,339.2691,
539,0.6719519999999193,671.9519999999193,1,205,7,667.5575,266.111,56.7955,336.1669,
540,0.7112429999999677,711.2429999999677,1,205,7,705.9896,247.3833,60.3527,386.1146,
541,0.6793517000000975,679.3517000000975,1,205,7,674.5791,258.1933,55.236,352.4595,
542,0.6911795999999413,691.1795999999413,1,205,7,687.4878,261.432,59.9674,357.0061,
543,0.6824715999998716,682.4715999998716,1,205,7,677.736,274.7792,56.4397,337.1256,
544,0.6757884000001013,675.7884000001013,1,205,7,671.4216,265.4721,54.1447,341.0934,
545,0.666179399999919,666.179399999919,1,205,7,662.722,264.4721,56.0362,332.5281,
546,0.6697744999999031,669.7744999999031,1,205,7,665.9936,263.3363,56.9689,334.9922,
547,0.6728769999999713,672.8769999999713,1,205,7,668.8943,255.7681,56.0092,347.457,
548,0.649432299999944,649.432299999944,1,205,7,644.6798,237.1178,56.7628,340.8288,
549,0.6972779000000173,697.2779000000173,1,205,7,692.8073,212.5955,119.3009,350.1263,
550,0.6846508000000995,684.6508000000995,1,205,7,680.7497,275.3163,57.5629,337.5229,
551,0.6711688000000322,671.1688000000322,1,205,7,667.302,251.0162,55.4704,352.592,
552,0.7014673999999559,701.4673999999559,1,205,7,697.4884,262.0284,60.0302,364.4657,
553,0.6887111000000914,688.7111000000914,1,205,7,684.4567,274.0872,56.9792,342.5742,
554,0.7158932999998342,715.8932999998342,1,205,7,711.514,280.6955,64.6302,354.8246,
555,0.7560923000000912,756.0923000000912,1,205,7,752.0414,275.2067,61.6444,405.3548,
556,0.67691590000004,676.91590000004,1,205,7,672.8288,213.6269,68.9658,377.7506,
557,0.7020616000002065,702.0616000002065,1,205,7,697.0692,195.6683,92.6912,395.6268,
558,0.6768025999999736,676.8025999999736,1,205,7,673.2529,249.3731,58.4257,356.1788,
559,0.6524838000000273,652.4838000000273,1,205,7,649.724,225.1143,64.8526,350.3402,
560,0.6778699999999844,677.8699999999844,1,205,7,673.7109,280.5377,56.7923,329.1187,
561,0.6787525000002006,678.7525000002006,1,205,7,674.7285,266.1252,64.0354,333.4998,
562,0.6857112000000143,685.7112000000143,1,205,7,680.7604,249.6629,59.1019,361.8875,
563,0.676283900000044,676.283900000044,1,205,7,673.537,275.3622,56.8165,330.3108,
564,0.6436052999999902,643.6052999999902,1,205,7,639.7051,236.0648,57.8197,335.7079,
565,0.6803308999999444,680.3308999999444,1,205,7,676.1933,275.9946,57.2758,331.8121,
566,0.6841134000001148,684.1134000001148,1,205,7,679.8704,282.1721,57.1036,330.0773,
567,0.6676164000000426,667.6164000000426,1,205,7,663.6819,269.2009,58.4773,325.4042,
568,0.6794737999998688,679.4737999998688,1,205,7,675.0132,268.7437,59.8907,337.2607,
569,0.6843974000000799,684.3974000000799,1,205,7,680.0243,279.7143,57.2754,331.7676,
570,0.6649287000000186,664.9287000000186,1,205,7,661.1034,264.1778,57.586,328.5747,
571,0.6626954000000751,662.6954000000751,1,205,7,657.6995,246.9351,54.8379,344.9548,
572,0.674182700000074,674.182700000074,1,205,7,669.4469,242.3245,59.4338,358.6889,
573,0.6533975999998347,653.3975999998347,1,205,7,648.8254,245.6928,59.7275,332.8652,
574,0.6505010999999286,650.5010999999286,1,205,7,646.2573,246.7305,56.942,332.1819,
575,0.6726321999999527,672.6321999999527,1,205,7,667.9879,271.5198,55.3218,332.2504,
576,0.6657377000001361,665.7377000001361,1,205,7,660.6208,267.8811,58.8182,325.9321,
577,0.670258800000056,670.258800000056,1,205,7,665.9102,266.3436,58.0471,333.0752,
578,0.7128514999999425,712.8514999999425,1,205,7,708.9928,274.5152,55.71,366.7151,
579,0.650461899999982,650.461899999982,1,205,7,645.8793,248.0571,56.942,333.5248,
580,0.6633457000000362,663.3457000000362,1,205,7,658.1873,261.0868,56.9124,333.0332,
581,0.6708196999998108,670.8196999998108,1,205,7,667.085,260.3595,55.7353,342.2253,
582,0.6812381999998252,681.2381999998252,1,205,7,676.1243,240.563,66.5959,359.6687,
583,0.6585536999998567,658.5536999998567,1,205,7,654.2204,252.3101,57.4407,335.2682,
584,0.669668799999954,669.668799999954,1,205,7,664.8832,265.3555,59.001,330.1573,
585,0.6584422000000814,658.4422000000814,1,205,7,654.9694,262.9615,56.665,325.0841,
586,0.6602143000000069,660.2143000000069,1,205,7,657.4502,254.7229,56.3388,336.7465,
587,0.664687400000048,664.687400000048,1,205,7,660.7732,258.1463,56.2308,335.5886,
588,0.669085700000096,669.085700000096,1,205,7,665.0792,261.7083,58.1247,335.6599,
589,0.6600650999998834,660.0650999998834,1,205,7,656.7418,254.9692,58.9505,332.9117,
590,0.659183799999937,659.183799999937,1,205,7,655.3273,248.5524,59.6683,336.777,
591,0.6590509000000111,659.0509000000111,1,205,7,654.4035,240.4814,55.6043,348.3858,
592,0.7004097000001366,700.4097000001366,1,205,7,697.2131,249.4353,60.9986,379.7655,
593,0.6682413000000906,668.2413000000906,1,205,7,663.4295,202.3236,62.5385,387.3719,
594,0.6913388000000396,691.3388000000396,1,205,7,686.4445,256.8133,60.923,359.6567,
595,0.6293447000000469,629.3447000000469,1,205,7,625.9619,216.3056,58.196,342.9272,
596,0.6317206999999598,631.7206999999598,1,205,7,626.9785,209.7261,55.4018,352.3706,
597,0.6261913999999251,626.1913999999251,1,205,7,622.4296,202.5123,54.5294,354.6878,
598,0.6339702000000216,633.9702000000216,1,205,7,629.8723,216.4029,56.4477,349.4358,
599,0.607707899999923,607.707899999923,1,205,7,602.8484,188.0061,58.5166,348.0776,
600,0.6536416000001282,653.6416000001282,1,205,7,650.204,231.8939,58.1305,352.3638,
601,0.6302104999999756,630.2104999999756,1,205,7,626.1822,206.0883,57.7344,352.1352,
602,0.6442904000000453,644.2904000000453,1,205,7,639.578,202.2319,65.4323,364.2376,
603,0.6631700999998884,663.1700999998884,1,205,7,659.1665,248.1789,56.0867,344.9519,
604,0.6863038999999844,686.3038999999844,1,205,7,682.1671,261.5727,57.2436,354.0674,
605,0.6507053000000269,650.7053000000269,1,205,7,645.7116,235.7146,61.2362,338.7725,
606,0.6934356999997817,693.4356999997817,1,205,7,688.9861,270.8768,58.4166,351.4912,
607,0.7051086999999825,705.1086999999825,1,205,7,700.5167,249.9109,70.4196,372.2292,
608,0.6329381999998986,632.9381999998986,1,205,7,629.0423,214.0075,58.9869,346.8275,
609,0.6792688000000453,679.2688000000453,1,205,7,674.79,254.8682,57.6287,353.339,
610,0.6784992999998849,678.4992999998849,1,205,7,674.465,261.6591,56.8995,345.3469,
611,0.7081058000001121,708.1058000001121,1,205,7,703.7558,211.241,60.9022,424.8064,
612,0.6993810000001304,699.3810000001304,1,205,7,694.2061,194.1303,77.3565,413.5542,
613,0.7039988999999878,703.9988999999878,1,205,7,699.1584,271.618,59.6555,359.0024,
614,0.6343702000001485,634.3702000001485,1,205,7,631.4836,194.9391,60.7461,365.6688,
615,0.6771065000000362,677.1065000000362,1,205,7,673.3555,240.749,61.2772,362.8022,
616,0.6500105000000076,650.0105000000076,1,205,7,646.7393,227.3953,57.9094,347.8852,
617,0.6524799000001167,652.4799000001167,1,205,7,648.5043,225.455,59.2031,356.9153,
618,0.6706052999998064,670.6052999998064,1,205,7,664.9431,251.1985,59.6211,345.2248,
619,0.690397700000176,690.397700000176,1,205,7,685.4547,259.7675,60.3897,356.4318,
620,0.6440793999997823,644.0793999997823,1,205,7,640.2225,226.0049,60.5358,344.8789,
621,0.6704716000001554,670.4716000001554,1,205,7,666.1155,244.3361,55.9388,358.1699,
622,0.7023780000001807,702.3780000001807,1,205,7,698.3317,240.9811,64.5293,383.7,
623,0.6451397000000725,645.1397000000725,1,205,7,640.6743,213.1427,59.2408,359.0582,
624,0.6852453999999852,685.2453999999852,1,205,7,680.5309,265.5233,60.5777,345.4831,
625,0.6820906999998897,682.0906999998897,1,205,7,677.3635,265.5943,60.3026,342.3223,
626,0.6630713999998079,663.0713999998079,1,205,7,658.8362,236.6479,62.6656,351.3143,
627,0.6917419999999765,691.7419999999765,1,205,7,688.0076,261.9811,61.9969,356.2249,
628,0.6960602999999992,696.0602999999992,1,205,7,691.7955,269.4062,62.0832,351.5609,
629,0.6513935000000401,651.3935000000401,1,205,7,647.2523,223.2935,61.7914,353.1144,
630,0.7030883999998423,703.0883999998423,1,205,7,698.7564,268.1218,60.2134,359.9575,
631,0.671965499999942,671.965499999942,1,205,7,667.1649,253.6531,57.537,345.0617,
632,0.6692745000000286,669.2745000000286,1,205,7,665.2169,200.2411,64.5092,390.1383,
633,0.6707986999999775,670.7986999999775,1,205,7,666.3876,251.3363,55.742,349.7817,
634,0.6902988000001642,690.2988000001642,1,205,7,686.4731,260.3694,61.3203,356.6817,
635,0.6443213000000014,644.3213000000014,1,205,7,639.7608,229.141,57.6664,343.0038,
636,0.6848357000001215,684.8357000001215,1,205,7,679.4958,270.5758,57.0342,340.3015,
637,0.6764831000000413,676.4831000000413,1,205,7,672.6205,268.675,59.8397,335.8213,
638,0.6539743000000726,653.9743000000726,1,205,7,649.6748,222.5635,62.2104,355.1937,
639,0.6688819999999396,668.8819999999396,1,205,7,664.059,261.2764,56.7759,334.7647,
640,0.6916042999998808,691.6042999998808,1,205,7,686.8554,263.2933,59.7197,354.346,
641,0.6381642000001193,638.1642000001193,1,205,7,633.3085,220.4036,59.2067,341.366,
642,0.7072745000000396,707.2745000000396,1,205,7,702.2354,265.4091,63.2924,366.5133,
643,0.6583623999999872,658.3623999999872,1,205,7,652.933,247.2223,56.2399,340.957,
644,0.6310931999998957,631.0931999998957,1,205,7,626.1866,216.1014,58.7892,341.6902,
645,0.669026199999962,669.026199999962,1,205,7,664.1328,263.2709,57.5122,333.8323,
646,0.6922369000001254,692.2369000001254,1,205,7,686.8967,259.4039,56.7375,358.4509,
647,0.6517374999998538,651.7374999998538,1,205,7,647.3358,233.4846,59.1313,344.4655,
648,0.6920588000000407,692.0588000000407,1,205,7,687.0914,272.0367,56.7461,348.4514,
649,0.6968753999999535,696.8753999999535,1,205,7,692.9637,268.7541,58.3994,354.4307,
650,0.651317299999846,651.317299999846,1,205,7,646.2792,236.1812,56.6577,345.0942,
651,0.6622141999998803,662.2141999998803,1,205,7,658.6638,244.5633,58.2805,345.1336,
652,0.6758835999999064,675.8835999999064,1,205,7,672.6074,228.7604,64.7104,370.2103,
653,0.6660826999998335,666.0826999998335,1,205,7,661.8978,249.6978,58.5698,345.2278,
654,0.6741987000000336,674.1987000000336,1,205,7,669.91,265.4619,57.5352,336.3106,
655,0.670448800000031,670.448800000031,1,205,7,666.646,261.2112,58.7787,337.1829,
656,0.656953399999793,656.953399999793,1,205,7,652.1754,241.8806,57.8872,342.5022,
657,0.669267600000012,669.267600000012,1,205,7,664.4281,262.4087,54.8735,336.0488,
658,0.6631508000000395,663.1508000000395,1,205,7,658.9965,250.4299,58.1969,341.4317,
659,0.6123671000000286,612.3671000000286,1,205,7,607.1142,199.9935,56.4086,340.3894,
660,0.6944547999999031,694.4547999999031,1,205,7,690.2875,265.2876,55.3425,357.6377,
661,0.6991270999999415,699.1270999999415,1,205,7,693.9781,270.0898,60.6246,352.438,
662,0.6436037000000852,643.6037000000852,1,205,7,639.7157,188.9651,63.8377,377.4783,
663,0.6535201000001507,653.5201000001507,1,205,7,649.4161,241.8518,57.5489,338.4418,
664,0.6800973000001704,680.0973000001704,1,205,7,675.801,266.6046,57.1138,343.4688,
665,0.6433174000001145,643.3174000001145,1,205,7,639.8853,237.1985,55.2779,336.4021,
666,0.6819454000001315,681.9454000001315,1,205,7,677.4339,269.4778,54.9144,344.9451,
667,0.6552236999998513,655.2236999998513,1,205,7,649.9615,249.5372,55.0413,335.6823,
668,0.6468378999998095,646.8378999998095,1,205,7,641.3102,227.1998,55.5075,348.9015,
669,0.6742670000000999,674.2670000000999,1,205,7,669.6457,257.1321,57.2595,345.973,
670,0.6950405999998566,695.0405999998566,1,205,7,690.1467,267.9813,56.7508,354.6512,
671,0.6359440999999606,635.9440999999606,1,205,7,631.9945,217.1422,56.6545,347.3966,
672,0.6706421999999748,670.6421999999748,1,205,7,666.4618,228.1718,60.9623,367.6669,
673,0.6941553999999996,694.1553999999996,1,205,7,688.7737,276.4272,58.42,343.9592,
674,0.6776122000001124,677.6122000001124,1,205,7,673.0955,264.2659,57.2799,343.5695,
675,0.6909988999998404,690.9988999998404,1,205,7,686.912,274.3884,56.9895,346.0982,
676,0.6905758000000333,690.5758000000333,1,205,7,686.9153,272.9277,58.2359,345.6916,
677,0.668637500000159,668.637500000159,1,205,7,663.4321,253.8809,57.1497,341.4022,
678,0.6866444000002048,686.6444000002048,1,205,7,683.1028,269.1893,56.0251,346.9605,
679,0.6723362000000179,672.3362000000179,1,205,7,668.849,259.0649,60.7309,337.5807,
680,0.6602953000001435,660.2953000001435,1,205,7,655.393,246.2135,56.2611,342.8709,
681,0.681403299999829,681.403299999829,1,205,7,676.7078,255.0345,55.4792,357.8849,
682,0.7012482000000091,701.2482000000091,1,205,7,696.4427,256.1323,61.7558,367.5358,
683,0.6444922000000588,644.4922000000588,1,205,7,640.2383,238.5035,54.2092,338.654,
684,0.6691608000000997,669.1608000000997,1,205,7,665.8162,249.2016,56.4187,350.6785,
685,0.6827111000000059,682.7111000000059,1,205,7,678.3023,267.9233,56.2248,343.665,
686,0.6870175000001382,687.0175000001382,1,205,7,682.7728,273.388,57.9953,341.2543,
687,0.6660968999999568,666.0968999999568,1,205,7,662.044,246.5233,60.7109,347.0403,
688,0.6758253000000423,675.8253000000423,1,205,7,672.0698,262.9956,57.1789,342.8257,
689,0.6641480999999203,664.1480999999203,1,205,7,660.7692,252.9583,56.5097,340.7509,
690,0.6600999999998294,660.0999999998294,1,205,7,656.3198,243.2991,59.0799,342.4487,
691,0.6829709000001003,682.9709000001003,1,205,7,679.787,253.0223,56.273,361.6928,
692,0.6832609999999022,683.2609999999022,1,205,7,678.3262,242.4815,64.3221,362.8841,
693,0.6730821000001015,673.0821000001015,1,205,7,668.9005,264.7053,57.0501,340.1801,
694,0.6752160000000913,675.2160000000913,1,205,7,671.3304,270.763,55.6262,334.9008,
695,0.6794838999999229,679.4838999999229,1,205,7,674.6705,260.4308,58.4776,344.7144,
696,0.6823120999999901,682.3120999999901,1,205,7,677.9727,259.8288,59.4365,351.2015,
697,0.7045245000001614,704.5245000001614,1,205,7,699.8897,265.7715,57.2638,366.037,
698,0.6999181999999564,699.9181999999564,1,205,7,695.8126,267.7729,56.1859,361.3915,
699,0.6643460000000232,664.3460000000232,1,205,7,660.1385,241.2919,58.4179,351.5169,
700,0.7042520999998487,704.2520999998487,1,205,7,699.7851,275.8022,58.8736,354.8253,
701,0.710052800000085,710.052800000085,1,205,7,706.424,250.0119,60.3116,387.8579,
702,0.6858389000001353,685.8389000001353,1,205,7,681.1908,238.8465,64.6987,369.0314,
703,0.693409900000006,693.409900000006,1,205,7,689.0518,272.638,57.2526,350.733,
704,0.6770932000001721,677.0932000001721,1,205,7,671.7586,266.5282,56.0087,340.3783,
705,0.6680346999999074,668.0346999999074,1,205,7,664.1718,236.3276,67.2142,350.8432,
706,0.6943023999999696,694.3023999999696,1,205,7,689.7791,267.3344,59.3157,352.6489,
707,0.6819770000001881,681.9770000001881,1,205,7,678.4962,241.1028,58.7896,369.8531,
708,0.6474018999999771,647.4018999999771,1,205,7,642.9568,235.6494,57.5663,339.1542,
709,0.6857297999999901,685.7297999999901,1,205,7,681.4956,266.5849,56.532,348.6755,
710,0.6852939999998853,685.2939999998853,1,205,7,680.6782,270.3714,57.7534,343.8583,
711,0.648521399999936,648.521399999936,1,205,7,644.7049,227.4545,54.1701,351.1325,
712,0.6870234999998956,687.0234999998956,1,205,7,681.796,241.3067,63.3697,368.8868,
713,0.6963629000001674,696.3629000001674,1,205,7,692.1853,281.5785,58.2614,340.8449,
714,0.660630699999956,660.630699999956,1,205,7,655.4586,239.335,57.0249,346.3426,
715,0.6809106000000611,680.9106000000611,1,205,7,676.1282,263.4724,55.7248,344.5565,
716,0.6861851000001025,686.1851000001025,1,205,7,681.1893,262.4059,56.9934,352.4808,
717,0.6773418999998739,677.3418999998739,1,205,7,672.6794,262.3084,59.1025,342.1259,
718,0.67935609999995,679.35609999995,1,205,7,676.1309,260.9866,59.8908,347.4437,
719,0.7118941999999606,711.8941999999606,1,205,7,707.2883,251.7051,61.3039,383.6926,
720,0.6973582999999053,697.3582999999053,1,205,7,692.9298,257.9847,59.3859,365.6557,
721,0.6692041999999674,669.2041999999674,1,205,7,665.4036,221.7537,65.4327,370.7682,
722,0.6991451000001234,699.1451000001234,1,205,7,694.3789,250.4587,64.4484,370.2927,
723,0.6994844999999259,699.4844999999259,1,205,7,694.8176,272.2566,55.7376,356.6016,
724,0.6692376000000877,669.2376000000877,1,205,7,663.8911,232.4162,59.1164,363.5074,
725,0.701175300000159,701.175300000159,1,205,7,695.8686,261.8916,58.6241,366.4758,
726,0.6603546000001188,660.3546000001188,1,205,7,656.0081,245.0491,58.5077,344.7636,
727,0.6778584999999566,677.8584999999566,1,205,7,673.6837,244.5428,57.8582,361.481,
728,0.6896858999998585,689.6858999998585,1,205,7,684.3124,245.0037,58.8131,369.3375,
729,0.7006286999999247,700.6286999999247,1,205,7,695.6272,269.0651,59.2956,355.7661,
730,0.6574216999999862,657.4216999999862,1,205,7,652.6576,234.87,56.5002,351.3215,
731,0.6820804000001317,682.0804000001317,1,205,7,677.4436,246.9724,58.68,361.4864,
732,0.7096477999998569,709.6477999998569,1,205,7,705.9641,241.4539,65.6968,390.1359,
733,0.6582253000001401,658.2253000001401,1,205,7,653.6802,236.3815,55.5631,351.3016,
734,0.6814727000000858,681.4727000000858,1,205,7,677.2142,255.8926,57.4649,353.1259,
735,0.6798372000000654,679.8372000000654,1,205,7,677.0784,255.0326,62.2313,351.1107,
736,0.6708068000000367,670.8068000000367,1,205,7,666.7066,258.4496,56.7955,342.6705,
737,0.6890490000000682,689.0490000000682,1,205,7,685.1032,263.745,58.6934,354.6875,
738,0.6908604999998715,690.8604999998715,1,205,7,686.3804,273.4194,58.6154,344.5419,
739,0.685777600000165,685.777600000165,1,205,7,679.9829,271.1568,55.5994,343.5295,
740,0.6817377999998371,681.7377999998371,1,205,7,677.0292,256.4523,56.6659,353.6109,
741,0.7140527999999904,714.0527999999904,1,205,7,708.9332,263.8981,60.2993,376.2873,
742,0.6976996999999301,697.6996999999301,1,205,7,693.3842,257.9867,59.7341,363.4557,
743,0.6619447999999011,661.9447999999011,1,205,7,656.8146,248.8263,55.6785,343.1081,
744,0.6765935999999328,676.5935999999328,1,205,7,671.6817,262.2248,55.6503,342.4166,
745,0.6663610999999037,666.3610999999037,1,205,7,661.2679,260.7912,55.5851,335.5816,
746,0.6641113000000587,664.1113000000587,1,205,7,659.4809,248.5224,56.8046,342.7966,
747,0.6668263999999908,666.8263999999908,1,205,7,661.5373,251.1146,55.1984,348.4616,
748,0.6824079000000438,682.4079000000438,1,205,7,678.7536,266.7606,57.5789,344.9696,
749,0.6471473999999944,647.1473999999944,1,205,7,643.0026,238.2878,55.2395,339.8713,
750,0.686309700000038,686.309700000038,1,205,7,682.4478,273.1338,58.3212,339.4976,
751,0.6776119999999537,677.6119999999537,1,205,7,673.22,257.8171,56.7143,346.9451,
752,0.6576871999998275,657.6871999998275,1,205,7,653.703,219.8603,60.2704,363.4223,
753,0.6694162000001143,669.4162000001143,1,205,7,664.8762,265.2717,55.725,336.7354,
754,0.6888453999999911,688.8453999999911,1,205,7,684.0881,275.0275,57.8564,339.5328,
755,0.629328600000008,629.328600000008,1,205,7,625.9753,213.1597,58.4186,344.343,
756,0.7217984999999771,721.7984999999771,1,205,7,717.8734,260.7617,60.2709,386.222,
757,0.6759105000001,675.9105000001,1,205,7,670.9323,245.9136,56.8598,356.814,
758,0.6453049000001556,645.3049000001556,1,205,7,640.6443,225.3823,62.6576,343.6593,
759,0.6865728000000217,686.5728000000217,1,205,7,682.8942,269.5861,55.8488,349.9155,
760,0.6868930000000546,686.8930000000546,1,205,7,682.0043,269.8766,55.8714,344.8787,
761,0.6823354000000563,682.3354000000563,1,205,7,677.4369,253.621,56.8507,356.469,
762,0.716543799999954,716.543799999954,1,205,7,711.9667,254.3481,59.9079,386.3306,
763,0.6934059000000161,693.4059000000161,1,205,7,688.8981,276.4787,56.9911,345.6263,
764,0.7129996999999548,712.9996999999548,1,205,7,708.5565,216.8204,64.1762,416.2151,
765,0.7643467000000328,764.3467000000328,1,205,7,760.0675,272.1457,62.4636,413.7469,
766,0.7482155000000148,748.2155000000148,1,205,7,743.7639,274.5857,61.4748,396.3143,
767,0.7716215999998894,771.6215999998894,1,205,7,766.9873,270.9592,72.4079,410.7478,
768,0.7579847000001791,757.9847000001791,1,205,7,751.0872,250.0959,67.6976,424.5036,
769,0.7781924000000799,778.1924000000799,1,205,7,772.8672,259.2843,76.9296,427.8124,
770,0.7565516999998181,756.5516999998181,1,205,7,752.1891,267.3161,68.2496,404.2265,
771,0.7865039000000706,786.5039000000706,1,205,7,783.7471,273.3004,93.6564,406.0604,
772,0.703690800000004,703.690800000004,1,205,7,698.9771,248.8475,66.8184,371.3643,
773,0.6744830000000093,674.4830000000093,1,205,7,669.1743,263.0659,60.5252,339.1252,
774,0.7027840000000651,702.7840000000651,1,205,7,697.8088,278.5032,60.4937,351.3535,
775,0.6648290999999062,664.8290999999062,1,205,7,660.2429,261.223,55.7685,332.0811,
776,0.6927057000000332,692.7057000000332,1,205,7,688.3582,244.7845,60.952,374.7993,
777,0.7159621000000698,715.9621000000698,1,205,7,711.4054,273.2725,60.6656,368.3825,
778,0.7068495999999413,706.8495999999413,1,205,7,702.4905,262.6451,63.7103,368.8008,
779,0.6631457000000864,663.1457000000864,1,205,7,659.0985,206.9702,63.4161,377.5075,
780,0.7164741999999933,716.4741999999933,1,205,7,711.4988,266.6617,62.4859,371.679,
781,0.7363789999999426,736.3789999999426,1,205,7,732.2133,268.6433,66.424,388.2312,
782,0.6975322999999207,697.5322999999207,1,205,7,692.5969,223.9769,65.8019,394.9356,
783,0.7325611999999637,732.5611999999637,1,205,7,728.0264,278.3206,64.1234,376.6636,
784,0.7229769999999007,722.9769999999007,1,205,7,719.1879,268.9877,62.5939,377.0704,
785,0.7282691000000341,728.2691000000341,1,205,7,724.1394,276.0576,59.9859,379.5862,
786,0.6884482000000389,688.4482000000389,1,205,7,685.526,207.926,77.3835,390.8202,
787,0.7016962000000149,701.6962000000149,1,205,7,698.4197,280.9378,58.3345,348.3703,
788,0.6772673000000395,677.2673000000395,1,205,7,672.418,261.4917,60.5276,340.5578,
789,0.6258212000000185,625.8212000000185,1,205,7,622.2236,209.7606,60.3753,343.3803,
790,0.6834959000000254,683.4959000000254,1,205,7,679.3174,273.0361,56.1773,341.6121,
791,0.6723572999999305,672.3572999999305,1,205,7,668.4144,253.8207,57.3598,345.819,
792,0.6793331999999737,679.3331999999737,1,205,7,674.7175,236.4143,62.4633,364.6211,
793,0.674311699999862,674.311699999862,1,205,7,669.8847,256.7127,61.1346,342.3778,
794,0.6755734999999277,675.5734999999277,1,205,7,670.9661,272.1041,57.9182,331.4014,
795,0.6474905000000035,647.4905000000035,1,205,7,644.5061,244.6147,56.9978,333.9951,
796,0.6733063000001493,673.3063000001493,1,205,7,668.9775,268.5754,56.8545,335.5851,
797,0.6704405000000406,670.4405000000406,1,205,7,666.3657,269.7122,57.4383,330.1831,
798,0.6344311999998808,634.4311999998808,1,205,7,629.8324,232.0127,58.0158,327.7282,
799,0.6775499999998829,677.5499999998829,1,205,7,673.0938,273.843,56.395,334.7212,
800,0.6664720999999645,666.4720999999645,1,205,7,662.1427,263.849,56.6896,334.3261,
801,0.6203503000001547,620.3503000001547,1,205,7,615.8261,209.0013,57.4971,339.835,
802,0.6777698999999302,677.7698999999302,1,205,7,673.7265,246.2027,61.1223,359.5569,
803,0.655012299999953,655.012299999953,1,205,7,650.5578,249.3266,56.9249,334.5416,
804,0.6601077999998779,660.1077999998779,1,205,7,656.0147,255.5176,56.7313,330.5849,
805,0.6435264000001553,643.5264000001553,1,205,7,639.4458,239.3976,57.5911,332.2773,
806,0.6883929000000535,688.3929000000535,1,205,7,684.3179,272.5865,58.4867,343.4717,
807,0.6647510000000239,664.7510000000239,1,205,7,659.667,248.714,58.0856,344.4552,
808,0.6841938999998547,684.1938999998547,1,205,7,678.3854,274.263,56.0876,336.5206,
809,0.6824239000000034,682.4239000000034,1,205,7,677.2762,264.2167,56.3083,344.2366,
810,0.6524219999998877,652.4219999998877,1,205,7,647.8453,239.0949,55.2494,342.1577,
811,0.6889641000000211,688.9641000000211,1,205,7,685.2029,259.5711,57.5071,358.7397,
812,0.7028811999998652,702.8811999998652,1,205,7,698.9193,254.0365,61.848,371.3086,
813,0.6676422000000457,667.6422000000457,1,205,7,662.9113,253.2588,56.2633,343.1238,
814,0.6847990999999638,684.7990999999638,1,205,7,680.6038,269.4493,57.0452,345.7974,
815,0.6701184000000922,670.1184000000922,1,205,7,665.7134,261.1949,56.3002,337.1757,
816,0.6706192999999985,670.6192999999985,1,205,7,666.2916,256.0745,55.96,343.6879,
817,0.6896334999998999,689.6334999998999,1,205,7,684.5223,263.7049,56.4295,353.4438,
818,0.6854409000000032,685.4409000000032,1,205,7,681.2052,263.4858,58.1105,348.289,
819,0.7057844000000841,705.7844000000841,1,205,7,700.484,242.5593,56.1656,387.8105,
820,0.7916904000001068,791.6904000001068,1,205,7,787.76,269.599,56.7321,443.412,
821,0.6965829999999187,696.5829999999187,1,205,7,693.2818,255.4253,54.525,369.4292,
822,0.7015612999998666,701.5612999998666,1,205,7,696.3896,231.5267,67.4844,381.906,
823,0.687032299999828,687.032299999828,1,205,7,683.5702,247.5877,58.5504,363.8216,
824,0.7140622000001713,714.0622000001713,1,205,7,708.1111,273.6047,61.1434,361.346,
825,0.7042609000000084,704.2609000000084,1,205,7,700.2332,250.3616,62.6943,372.9684,
826,0.659221000000116,659.221000000116,1,205,7,656.0258,213.4855,63.0381,367.402,
827,0.666543000000047,666.543000000047,1,205,7,663.0846,251.4585,54.742,342.1802,
828,0.6817619000000832,681.7619000000832,1,205,7,678.4471,260.7314,59.1161,346.0795,
829,0.6076540000001387,607.6540000001387,1,205,7,604.3044,198.0162,54.581,337.9373,
830,0.6782144000001153,678.2144000001153,1,205,7,676.2356,267.7273,56.604,337.5707,
831,0.6809785000000375,680.9785000000375,1,205,7,677.1165,241.8797,60.0818,359.6031,
832,0.6775273000000652,677.5273000000652,1,205,7,672.8949,214.5081,64.6369,378.0184,
833,0.6798562999999831,679.8562999999831,1,205,7,675.5154,258.8085,58.9736,344.1352,
834,0.6609826000001249,660.9826000001249,1,205,7,656.0312,251.3993,56.5791,332.6169,
835,0.6297970999999052,629.7970999999052,1,205,7,626.1058,224.3205,55.8764,325.293,
836,0.6733959000000596,673.3959000000596,1,205,7,671.5001,273.7816,54.1546,327.7263,
837,0.6340821000001142,634.0821000001142,1,205,7,630.891,235.6075,55.4015,326.3974,
838,0.6559265999999297,655.9265999999297,1,205,7,653.0793,246.1469,54.5608,335.9844,
839,0.674119699999892,674.119699999892,1,205,7,670.3543,252.4127,58.6934,347.382,
840,0.6705289000001358,670.5289000001358,1,205,7,665.6827,270.7021,53.8349,330.2952,
841,0.6312987999999677,631.2987999999677,1,205,7,626.8951,211.6863,54.8858,347.1518,
842,0.6851807000000463,685.1807000000463,1,205,7,681.537,252.4104,59.5412,358.5439,
843,0.6549680999999055,654.9680999999055,1,205,7,649.9613,237.5911,56.5285,341.6972,
844,0.658229399999982,658.229399999982,1,205,7,653.3421,250.3888,60.945,335.7765,
845,0.6716377000000193,671.6377000000193,1,205,7,668.8172,260.4409,56.3288,335.4181,
846,0.6859556999997949,685.9556999997949,1,205,7,682.5705,271.4398,57.0123,332.1298,
847,0.6677674000000025,667.7674000000025,1,205,7,664.5979,263.8454,57.122,328.8998,
848,0.6728459999999359,672.8459999999359,1,205,7,669.1056,262.051,55.9753,336.1718,
849,0.6634903000001486,663.4903000001486,1,205,7,660.5559,254.9972,56.0574,335.4193,
850,0.6320888999998715,632.0888999998715,1,205,7,627.2117,224.4596,57.2416,335.1102,
851,0.6851731000001564,685.1731000001564,1,205,7,682.1677,266.9513,56.1104,345.4846,
852,0.6904542999998284,690.4542999998284,1,205,7,685.4258,250.6257,60.8737,360.6986,
853,0.653684500000054,653.684500000054,1,205,7,649.1579,244.928,57.2558,328.7372,
854,0.6907178999999815,690.7178999999815,1,205,7,687.6679,274.1281,58.0438,340.9772,
855,0.6836311000001842,683.6311000001842,1,205,7,678.8643,271.126,58.9412,332.2714,
856,0.6289816000000883,628.9816000000883,1,205,7,627.0217,228.0033,58.1867,330.1809,
857,0.68145410000011,681.45410000011,1,205,7,677.9363,268.7829,58.5587,334.5558,
858,0.6610286000000087,661.0286000000087,1,205,7,658.0657,256.0167,56.7389,322.5181,
859,0.6501402999999755,650.1402999999755,1,205,7,646.4308,243.722,60.3158,325.9519,
860,0.6789836000000378,678.9836000000378,1,205,7,673.5461,264.4635,55.0953,333.4857,
861,0.669178299999885,669.178299999885,1,205,7,666.8013,263.6826,56.2862,330.7175,
862,0.677308400000129,677.308400000129,1,205,7,673.9972,240.1226,61.5939,352.0264,
863,0.6786291000000801,678.6291000000801,1,205,7,674.6671,271.5999,57.3191,325.8457,
864,0.6743824000000131,674.3824000000131,1,205,7,671.5407,272.9335,55.1532,329.7587,
865,0.6296469000001252,629.6469000001252,1,205,7,625.1744,230.2755,55.9884,322.9962,
866,0.6630815999999413,663.0815999999413,1,205,7,659.5347,254.991,53.0779,327.9563,
867,0.6460001999998894,646.0001999998894,1,205,7,642.5593,247.6906,56.995,318.7277,
868,0.6727028999998765,672.7028999998765,1,205,7,669.8241,261.5217,57.4291,329.9067,
869,0.6669096999999056,666.9096999999056,1,205,7,662.6164,253.794,57.2487,334.3098,
870,0.6275006000000758,627.5006000000758,1,205,7,623.0514,226.5693,56.0772,319.5479,
871,0.6459357000001091,645.9357000001091,1,205,7,641.6014,235.4181,55.0441,337.1984,
872,0.6888991999999234,688.8991999999234,1,205,7,685.3975,251.3068,60.8298,358.6772,
873,0.6374352000000272,637.4352000000272,1,205,7,632.3534,227.4855,59.0305,326.6924,
874,0.6701658999998017,670.1658999998017,1,205,7,667.1145,262.8381,54.0104,331.126,
875,0.654035199999953,654.035199999953,1,205,7,650.814,246.1725,56.2355,332.1161,
876,0.6233700999998746,623.3700999998746,1,205,7,618.357,220.4594,56.4676,323.375,
877,0.6656226000000061,665.6226000000061,1,205,7,661.0971,245.0338,57.1056,338.5091,
878,0.6840592999999444,684.0592999999444,1,205,7,680.9519,271.0823,58.5348,332.6302,
879,0.641129299999875,641.129299999875,1,205,7,638.1093,221.5699,55.0429,341.9527,
880,0.6895179000000553,689.5179000000553,1,205,7,685.3195,251.5964,56.6513,363.8091,
881,0.6634851999999682,663.4851999999682,1,205,7,659.9132,243.6275,56.5749,339.8345,
882,0.6572088000000349,657.2088000000349,1,205,7,655.0775,230.3352,60.8463,350.7766,
883,0.6630608000000393,663.0608000000393,1,205,7,659.9238,249.3358,57.0386,342.2213,
884,0.6489633999999569,648.9633999999569,1,205,7,645.5384,227.4123,54.152,342.386,
885,0.6304238999998688,630.4238999998688,1,205,7,626.0465,227.4916,56.2425,322.2535,
886,0.6670334000000366,667.0334000000366,1,205,7,664.0569,253.9197,56.3733,337.4426,
887,0.6640629999999419,664.0629999999419,1,205,7,659.1536,251.5043,57.2388,327.1898,
888,0.657747499999914,657.747499999914,1,205,7,655.0289,240.2401,55.6125,346.7562,
889,0.6863988000000063,686.3988000000063,1,205,7,682.8451,267.2826,55.9514,342.2798,
890,0.6530622000000221,653.0622000000221,1,205,7,649.7317,246.4822,54.9091,330.8252,
891,0.6381438999999318,638.1438999999318,1,205,7,635.4731,216.4217,61.5606,343.5023,
892,0.676278800000091,676.278800000091,1,205,7,671.2511,235.6587,60.8281,358.8699,
893,0.667106399999966,667.106399999966,1,205,7,662.4327,262.5739,56.4864,326.933,
894,0.6681656999999177,668.1656999999177,1,205,7,664.5836,257.243,58.3677,335.5183,
895,0.6692163000000164,669.2163000000164,1,205,7,666.1154,256.1304,57.9151,343.2801,
896,0.6775591000000531,677.5591000000531,1,205,7,673.7242,271.5201,58.019,324.7136,
897,0.6567093999999543,656.7093999999543,1,205,7,653.0338,250.6634,55.4262,329.542,
898,0.6634004000000004,663.4004000000004,1,205,7,660.4639,255.3995,54.3397,330.0115,
899,0.6766132000000198,676.6132000000198,1,205,7,673.4432,277.5883,55.6794,326.6025,
900,0.6683742000000166,668.3742000000166,1,205,7,666.1079,260.8348,59.3595,330.3777,
901,0.6543298999999934,654.3298999999934,1,205,7,650.0393,237.1418,57.6693,340.5902,
902,0.6865886000000501,686.5886000000501,1,205,7,682.6319,250.2842,58.555,358.8422,
903,0.6653122000000167,665.3122000000167,1,205,7,660.7423,252.3233,57.9878,334.1157,
904,0.6524495000001025,652.4495000001025,1,205,7,649.3088,249.0428,56.8576,325.9956,
905,0.6687671000001956,668.7671000001956,1,205,7,664.9085,255.7299,56.453,331.2414,
906,0.6741248999999243,674.1248999999243,1,205,7,670.8918,258.1876,57.2959,342.5972,
907,0.6754344999999375,675.4344999999375,1,205,7,671.8114,260.7592,56.2783,337.8013,
908,0.6800190000001294,680.0190000001294,1,205,7,676.6547,269.5879,56.4191,329.9814,
909,0.6709842999998727,670.9842999998727,1,205,7,667.2464,259.2714,57.4207,331.3805,
910,0.6782361000000492,678.2361000000492,1,205,7,674.6584,268.4343,57.7911,333.3476,
911,0.6661923999999999,666.1923999999999,1,205,7,661.7092,247.762,57.3457,338.1859,
912,0.6788034999999581,678.8034999999581,1,205,7,675.7293,235.4958,60.1859,367.0408,
913,0.6784958999999162,678.4958999999162,1,205,7,674.0169,262.3027,57.4608,333.8546,
914,0.6840392999999949,684.0392999999949,1,205,7,680.6718,269.2619,58.9699,337.1991,
915,0.6615664000000834,661.5664000000834,1,205,7,657.6975,246.4098,58.4771,341.7773,
916,0.6895019000000957,689.5019000000957,1,205,7,686.1059,271.728,56.024,341.06,
917,0.6881257000000005,688.1257000000005,1,205,7,684.3677,273.5652,57.413,335.1023,
918,0.6570148999999219,657.0148999999219,1,205,7,653.5055,239.2795,61.9507,336.1242,
919,0.6841931000001296,684.1931000001296,1,205,7,679.9499,262.2718,57.4475,345.3019,
920,0.6579261000001679,657.9261000001679,1,205,7,654.5377,253.6205,53.8903,321.5394,
921,0.6494916000001467,649.4916000001467,1,205,7,647.1157,237.5047,55.9309,341.3911,
922,0.7134212999999363,713.4212999999363,1,205,7,709.7584,268.1744,59.9587,369.8115,
923,0.703477600000042,703.477600000042,1,205,7,698.8247,288.4056,54.584,330.0423,
924,0.6512100999998438,651.2100999998438,1,205,7,646.8902,241.7948,55.038,327.5352,
925,0.6810745999998744,681.0745999998744,1,205,7,677.5064,271.6884,56.1821,326.9243,
926,0.6673976000001858,667.3976000001858,1,205,7,664.2419,269.8208,57.2532,311.6239,
927,0.6389862000000903,638.9862000000903,1,205,7,633.3028,229.9558,57.5007,327.7168,
928,0.6723867999999129,672.3867999999129,1,205,7,668.7199,262.5015,54.723,333.5605,
929,0.668232499999931,668.232499999931,1,205,7,664.015,270.3723,55.6355,319.7254,
930,0.6553707000000486,655.3707000000486,1,205,7,651.4439,251.4685,57.6664,326.2766,
931,0.6631093999999393,663.1093999999393,1,205,7,659.8892,247.4521,53.1848,345.6763,
932,0.6696580999998787,669.6580999998787,1,205,7,666.8794,243.5302,56.7628,351.1834,
933,0.6656052000000727,665.6052000000727,1,205,7,660.9462,258.8896,57.0587,323.9505,
934,0.6742443000000549,674.2443000000549,1,205,7,669.1104,262.6351,55.6123,328.5432,
935,0.6108072999998058,610.8072999998058,1,205,7,606.5875,208.4272,56.1227,321.2236,
936,0.6668339000000287,666.8339000000287,1,205,7,663.5188,255.325,57.7848,332.218,
937,0.6721144999999069,672.1144999999069,1,205,7,670.2926,270.7063,58.2527,322.0826,
938,0.6587340999999469,658.7340999999469,1,205,7,654.1591,257.8459,56.4778,326.2541,
939,0.6748262000000977,674.8262000000977,1,205,7,670.9939,271.7091,58.1376,323.925,
940,0.6605819999999767,660.5819999999767,1,205,7,658.8344,261.784,56.3314,326.8908,
941,0.6501570000000356,650.1570000000356,1,205,7,646.3891,243.6619,56.6143,332.4628,
942,0.6936848000000282,693.6848000000282,1,205,7,688.8652,257.9131,62.4357,354.7894,
943,0.656562299999905,656.562299999905,1,205,7,653.2289,256.4165,53.4709,321.4173,
944,0.6565534999999727,656.5534999999727,1,205,7,651.582,257.8434,54.5401,321.6136,
945,0.6722025999999914,672.2025999999914,1,205,7,669.0495,264.2892,55.3417,331.6115,
946,0.6563485000001492,656.3485000001492,1,205,7,654.331,257.7336,53.3051,318.7362,
947,0.6648612999999841,664.8612999999841,1,205,7,659.9028,263.2351,56.5035,322.8318,
948,0.6767657999998846,676.7657999998846,1,205,7,672.3341,273.968,57.8907,324.2468,
949,0.6669985999999426,666.9985999999426,1,205,7,664.3678,264.5972,56.4542,333.0382,
950,0.6470550000001367,647.0550000001367,1,205,7,642.4513,244.2441,55.8152,329.4866,
951,0.6837860999999066,683.7860999999066,1,205,7,679.9912,266.4179,55.5093,345.8721,
952,0.6786535000001095,678.6535000001095,1,205,7,675.7911,250.3144,62.3392,352.1007,
953,0.6171773999999459,617.1773999999459,1,205,7,612.8057,212.2337,56.7808,333.9992,
954,0.6826972999999725,682.6972999999725,1,205,7,679.0725,275.2212,55.4132,329.6334,
955,0.6509479999999712,650.9479999999712,1,205,7,648.0869,248.2857,55.5643,326.2248,
956,0.6474410000000717,647.4410000000717,1,205,7,642.9872,243.9379,55.8656,327.1673,
957,0.6713079999999536,671.3079999999536,1,205,7,667.7742,265.1578,55.7835,336.4772,
958,0.6773502000000917,677.3502000000917,1,205,7,673.6124,270.6426,58.8444,326.2473,
959,0.6184911000000284,618.4911000000284,1,205,7,614.7928,220.4125,54.1457,332.1056,
960,0.6785581999999977,678.5581999999977,1,205,7,672.8967,271.7955,56.5824,334.127,
961,0.6581754999999703,658.1754999999703,1,205,7,652.2563,245.7186,57.267,339.0399,
962,0.6672899999998663,667.2899999998663,1,205,7,664.0413,224.7434,61.3444,364.0806,
963,0.6900473999999122,690.0473999999122,1,205,7,686.3628,277.3696,56.0717,336.3645,
964,0.6625455999999303,662.5455999999303,1,205,7,659.8422,263.35,54.5508,329.27,
965,0.6419310000001133,641.9310000001133,1,205,7,638.6726,236.8991,54.6613,336.9274,
966,0.6751175000001695,675.1175000001695,1,205,7,671.5266,273.1145,57.2706,327.8529,
967,0.6724490000001424,672.4490000001424,1,205,7,668.9646,262.0021,57.8245,336.6999,
968,0.6430211000001691,643.0211000001691,1,205,7,640.2181,229.7306,57.3821,343.7908,
969,0.6814661999999316,681.4661999999316,1,205,7,678.1146,272.2806,57.0569,333.6139,
970,0.6736266000000342,673.6266000000342,1,205,7,670.2769,258.855,56.2715,340.0719,
971,0.6512516000000232,651.2516000000232,1,205,7,648.3737,233.2773,58.9336,344.9416,
972,0.7244143999998869,724.4143999998869,1,205,7,719.5839,280.856,60.4445,363.8422,
973,0.6900349000000006,690.0349000000006,1,205,7,685.8785,276.6055,58.1842,335.5679,
974,0.65295459999993,652.95459999993,1,205,7,649.2562,248.5616,53.3931,330.3842,
975,0.6747364000000289,674.7364000000289,1,205,7,670.9093,259.0015,57.4833,337.4608,
976,0.6651220999999623,665.1220999999623,1,205,7,660.2422,250.2002,57.9163,339.6529,
977,0.6403221999999005,640.3221999999005,1,205,7,635.7378,224.196,60.3044,334.2357,
978,0.6751431000000139,675.1431000000139,1,205,7,671.9598,264.4778,57.1484,333.1003,
979,0.6722827000000962,672.2827000000962,1,205,7,668.779,265.0054,54.6743,332.0858,
980,0.652003700000023,652.003700000023,1,205,7,648.8329,251.3199,54.9247,330.4849,
981,0.6533097999999882,653.3097999999882,1,205,7,650.9557,247.7994,51.9397,334.7868,
982,0.6955392999998367,695.5392999998367,1,205,7,692.4894,258.6741,58.442,358.8842,
983,0.6416125000000648,641.6125000000648,1,205,7,638.0878,233.1532,56.159,333.6895,
984,0.6641727999999603,664.1727999999603,1,205,7,660.7914,251.7627,56.6061,341.4057,
985,0.6594417999999678,659.4417999999678,1,205,7,656.2815,255.3919,55.1228,329.9241,
986,0.6836322999999993,683.6322999999993,1,205,7,680.0792,265.113,61.6038,340.9218,
987,0.681184900000062,681.184900000062,1,205,7,678.074,275.7169,56.4684,332.1318,
988,0.667879499999799,667.879499999799,1,205,7,664.0685,269.7444,55.2462,326.5211,
989,0.6534242000000177,653.4242000000177,1,205,7,649.9864,247.6478,58.4211,333.4735,
990,0.6797715000000153,679.7715000000153,1,205,7,676.5119,272.6333,57.3079,336.0403,
991,0.6772412000000259,677.2412000000259,1,205,7,675.0942,263.5066,53.5074,344.7207,
992,0.6717171999998754,671.7171999998754,1,205,7,668.5302,238.1681,60.764,361.3283,
993,0.6851838000000043,685.1838000000043,1,205,7,680.2613,277.2867,57.6272,331.8386,
994,0.6804150000000391,680.4150000000391,1,205,7,677.1537,272.5592,56.2525,326.5815,
995,0.6657875999999305,665.7875999999305,1,205,7,662.8954,259.8153,54.4994,322.3019,
996,0.6804067999999006,680.4067999999006,1,205,7,676.7309,267.5451,54.5498,329.1686,
997,0.6783394999999928,678.3394999999928,1,205,7,674.2068,271.3033,56.2275,323.6092,
998,0.653275499999836,653.275499999836,1,205,7,648.2004,239.6813,51.8427,334.3078,
999,0.6628114000000096,662.8114000000096,1,205,7,658.7442,254.1421,54.94,333.0238,
1000,0.6692805000000135,669.2805000000135,1,205,7,664.32,258.483,55.1781,330.1324,
